#ifdef __has_include
    #if __has_include("lvgl.h")
        #ifndef LV_LVGL_H_INCLUDE_SIMPLE
            #define LV_LVGL_H_INCLUDE_SIMPLE
        #endif
    #endif
#endif

#if defined(LV_LVGL_H_INCLUDE_SIMPLE)
    #include "lvgl.h"
#else
    #include "lvgl/lvgl.h"
#endif


#ifndef LV_ATTRIBUTE_MEM_ALIGN
#define LV_ATTRIBUTE_MEM_ALIGN
#endif

#ifndef LV_ATTRIBUTE_IMG_BTON
#define LV_ATTRIBUTE_IMG_BTON
#endif

const LV_ATTRIBUTE_MEM_ALIGN LV_ATTRIBUTE_LARGE_CONST LV_ATTRIBUTE_IMG_BTON uint8_t btOn_map[] = {
#if LV_COLOR_DEPTH == 1 || LV_COLOR_DEPTH == 8
  /*Pixel format: Red: 3 bit, Green: 3 bit, Blue: 2 bit*/
  0x00, 0x00, 0x00, 0x00, 0x00, 0x00, 0x00, 0x00, 0x00, 0x00, 0x00, 0x00, 0x00, 0x00, 0x00, 0x05, 0x05, 0x05, 0x0a, 0x0a, 0x0a, 0x0a, 0x0a, 0x05, 0x05, 0x05, 0x00, 0x00, 0x00, 0x00, 0x00, 0x00, 0x00, 0x00, 0x00, 0x00, 0x00, 0x00, 0x00, 0x00, 0x00, 0x00, 
  0x00, 0x00, 0x00, 0x00, 0x00, 0x00, 0x00, 0x00, 0x00, 0x00, 0x00, 0x00, 0x05, 0x0a, 0x0f, 0x0f, 0x0f, 0x0f, 0x0f, 0x0f, 0x0f, 0x0f, 0x0f, 0x0f, 0x0f, 0x0f, 0x0f, 0x0a, 0x0a, 0x05, 0x00, 0x00, 0x00, 0x00, 0x00, 0x00, 0x00, 0x00, 0x00, 0x00, 0x00, 0x00, 
  0x00, 0x00, 0x00, 0x00, 0x00, 0x00, 0x00, 0x00, 0x00, 0x00, 0x0a, 0x0f, 0x0f, 0x0f, 0x0f, 0x0f, 0x0f, 0x0f, 0x0f, 0x0f, 0x0f, 0x0f, 0x0f, 0x0f, 0x0f, 0x0f, 0x0f, 0x0f, 0x0f, 0x0f, 0x0f, 0x05, 0x00, 0x00, 0x00, 0x00, 0x00, 0x00, 0x00, 0x00, 0x00, 0x00, 
  0x00, 0x00, 0x00, 0x00, 0x00, 0x00, 0x00, 0x00, 0x0a, 0x0f, 0x0f, 0x0f, 0x0f, 0x0f, 0x0f, 0x0f, 0x0f, 0x0f, 0x0f, 0x0f, 0x0f, 0x0f, 0x0f, 0x0f, 0x0f, 0x0f, 0x0f, 0x0f, 0x0f, 0x0f, 0x0f, 0x0f, 0x0a, 0x05, 0x00, 0x00, 0x00, 0x00, 0x00, 0x00, 0x00, 0x00, 
  0x00, 0x00, 0x00, 0x00, 0x00, 0x00, 0x00, 0x0a, 0x0f, 0x0f, 0x0f, 0x0f, 0x0f, 0x0f, 0x0f, 0x0f, 0x0f, 0x0f, 0x0f, 0x73, 0x0f, 0x0f, 0x0f, 0x0f, 0x0f, 0x0f, 0x0f, 0x0f, 0x0f, 0x0f, 0x0f, 0x0f, 0x0f, 0x0f, 0x05, 0x00, 0x00, 0x00, 0x00, 0x00, 0x00, 0x00, 
  0x00, 0x00, 0x00, 0x00, 0x00, 0x05, 0x0a, 0x0f, 0x0f, 0x0f, 0x0f, 0x0f, 0x0f, 0x0f, 0x0f, 0x0f, 0x0f, 0x0f, 0x0f, 0xff, 0x77, 0x0f, 0x0f, 0x0f, 0x0f, 0x0f, 0x0f, 0x0f, 0x0f, 0x0f, 0x0f, 0x0f, 0x0f, 0x0f, 0x0f, 0x06, 0x00, 0x00, 0x00, 0x00, 0x00, 0x00, 
  0x00, 0x00, 0x00, 0x00, 0x00, 0x0a, 0x0f, 0x0f, 0x0f, 0x0f, 0x0f, 0x0f, 0x0f, 0x0f, 0x0f, 0x0f, 0x0f, 0x0f, 0x0f, 0xff, 0xff, 0x97, 0x0f, 0x0f, 0x0f, 0x0f, 0x0f, 0x0f, 0x0f, 0x0f, 0x0f, 0x0f, 0x0f, 0x0f, 0x0f, 0x0f, 0x05, 0x00, 0x00, 0x00, 0x00, 0x00, 
  0x00, 0x00, 0x00, 0x00, 0x0a, 0x0f, 0x0f, 0x0f, 0x0f, 0x0f, 0x0f, 0x0f, 0x0f, 0x0f, 0x0f, 0x0f, 0x0f, 0x0f, 0x0f, 0xff, 0xff, 0xff, 0x97, 0x0f, 0x0f, 0x0f, 0x0f, 0x0f, 0x0f, 0x0f, 0x0f, 0x0f, 0x0f, 0x0f, 0x0f, 0x0f, 0x0f, 0x00, 0x00, 0x00, 0x00, 0x00, 
  0x00, 0x00, 0x00, 0x0a, 0x0f, 0x0f, 0x0f, 0x0f, 0x0f, 0x0f, 0x0f, 0x0f, 0x0f, 0x0f, 0x0f, 0x0f, 0x0f, 0x0f, 0x0f, 0xff, 0xff, 0xff, 0xff, 0x9b, 0x0f, 0x0f, 0x0f, 0x0f, 0x0f, 0x0f, 0x0f, 0x0f, 0x0f, 0x0f, 0x0f, 0x0f, 0x0f, 0x0a, 0x00, 0x00, 0x00, 0x00, 
  0x00, 0x00, 0x00, 0x0f, 0x0f, 0x0f, 0x0f, 0x0f, 0x0f, 0x0f, 0x0f, 0x0f, 0x0f, 0x0f, 0x0f, 0x0f, 0x0f, 0x0f, 0x0f, 0xff, 0xff, 0xff, 0xff, 0xff, 0xbb, 0x0f, 0x0f, 0x0f, 0x0f, 0x0f, 0x0f, 0x0f, 0x0f, 0x0f, 0x0f, 0x0f, 0x0f, 0x0f, 0x05, 0x00, 0x00, 0x00, 
  0x00, 0x00, 0x0a, 0x0f, 0x0f, 0x0f, 0x0f, 0x0f, 0x0f, 0x0f, 0x0f, 0x0f, 0x0f, 0x0f, 0x0f, 0x0f, 0x0f, 0x0f, 0x0f, 0xff, 0xff, 0xff, 0xff, 0xff, 0xff, 0xbb, 0x0f, 0x0f, 0x0f, 0x0f, 0x0f, 0x0f, 0x0f, 0x0f, 0x0f, 0x0f, 0x0f, 0x0f, 0x0a, 0x00, 0x00, 0x00, 
  0x00, 0x00, 0x0f, 0x0f, 0x0f, 0x0f, 0x0f, 0x0f, 0x0f, 0x0f, 0x0f, 0x0f, 0x0f, 0x0f, 0x0f, 0x0f, 0x0f, 0x0f, 0x0f, 0xff, 0xff, 0xff, 0xff, 0xff, 0xff, 0xff, 0xbb, 0x0f, 0x0f, 0x0f, 0x0f, 0x0f, 0x0f, 0x0f, 0x0f, 0x0f, 0x0f, 0x0f, 0x0f, 0x00, 0x00, 0x00, 
  0x00, 0x05, 0x0f, 0x0f, 0x0f, 0x0f, 0x0f, 0x0f, 0x0f, 0x0f, 0x0f, 0x0f, 0x0f, 0x0f, 0x0f, 0x0f, 0x0f, 0x0f, 0x0f, 0xff, 0xff, 0xff, 0xff, 0xff, 0xff, 0xff, 0xff, 0xbb, 0x0f, 0x0f, 0x0f, 0x0f, 0x0f, 0x0f, 0x0f, 0x0f, 0x0f, 0x0f, 0x0f, 0x05, 0x00, 0x00, 
  0x00, 0x0a, 0x0f, 0x0f, 0x0f, 0x0f, 0x0f, 0x0f, 0x0f, 0x0f, 0x0f, 0x0f, 0x0f, 0x0f, 0x0f, 0x0f, 0x0f, 0x0f, 0x0f, 0xff, 0xff, 0xff, 0xff, 0xff, 0xff, 0xff, 0xff, 0xff, 0xbb, 0x0f, 0x0f, 0x0f, 0x0f, 0x0f, 0x0f, 0x0f, 0x0f, 0x0f, 0x0f, 0x0a, 0x00, 0x00, 
  0x00, 0x0a, 0x0f, 0x0f, 0x0f, 0x0f, 0x0f, 0x0f, 0x0f, 0x0f, 0x0f, 0x0f, 0x0f, 0x0f, 0x0f, 0x0f, 0x0f, 0x0f, 0x0f, 0xff, 0xff, 0xff, 0xff, 0x53, 0xff, 0xff, 0xff, 0xff, 0xff, 0xdb, 0x0f, 0x0f, 0x0f, 0x0f, 0x0f, 0x0f, 0x0f, 0x0f, 0x0f, 0x0f, 0x00, 0x00, 
  0x00, 0x0a, 0x0f, 0x0f, 0x0f, 0x0f, 0x0f, 0x0f, 0x0f, 0x0f, 0x53, 0x53, 0x0f, 0x0f, 0x0f, 0x0f, 0x0f, 0x0f, 0x0f, 0xff, 0xff, 0xff, 0xff, 0x0f, 0x33, 0xff, 0xff, 0xff, 0xff, 0xff, 0xdf, 0x0f, 0x0f, 0x0f, 0x0f, 0x0f, 0x0f, 0x0f, 0x0f, 0x0f, 0x05, 0x00, 
  0x00, 0x0f, 0x0f, 0x0f, 0x0f, 0x0f, 0x0f, 0x0f, 0x0f, 0x73, 0xff, 0xff, 0x53, 0x0f, 0x0f, 0x0f, 0x0f, 0x0f, 0x0f, 0xff, 0xff, 0xff, 0xff, 0x0f, 0x0f, 0x53, 0xff, 0xff, 0xff, 0xff, 0xff, 0xdf, 0x0f, 0x0f, 0x0f, 0x0f, 0x0f, 0x0f, 0x0f, 0x0f, 0x05, 0x00, 
  0x00, 0x0f, 0x0f, 0x0f, 0x0f, 0x0f, 0x0f, 0x0f, 0x73, 0xff, 0xff, 0xff, 0xff, 0x53, 0x0f, 0x0f, 0x0f, 0x0f, 0x0f, 0xff, 0xff, 0xff, 0xff, 0x0f, 0x0f, 0x0f, 0x53, 0xff, 0xff, 0xff, 0xff, 0xff, 0xdf, 0x2f, 0x0f, 0x0f, 0x0f, 0x0f, 0x0f, 0x0f, 0x0a, 0x00, 
  0x05, 0x0f, 0x0f, 0x0f, 0x0f, 0x0f, 0x0f, 0x0f, 0xdf, 0xff, 0xff, 0xff, 0xff, 0xff, 0x53, 0x0f, 0x0f, 0x0f, 0x0f, 0xff, 0xff, 0xff, 0xff, 0x0f, 0x0f, 0x0f, 0x0f, 0x77, 0xff, 0xff, 0xff, 0xff, 0xff, 0x97, 0x0f, 0x0f, 0x0f, 0x0f, 0x0f, 0x0f, 0x0a, 0x00, 
  0x05, 0x0f, 0x0f, 0x0f, 0x0f, 0x0f, 0x0f, 0x0f, 0x2f, 0xdf, 0xff, 0xff, 0xff, 0xff, 0xff, 0x53, 0x0f, 0x0f, 0x0f, 0xff, 0xff, 0xff, 0xff, 0x0f, 0x0f, 0x0f, 0x53, 0xff, 0xff, 0xff, 0xff, 0xff, 0xbb, 0x0f, 0x0f, 0x0f, 0x0f, 0x0f, 0x0f, 0x0f, 0x0f, 0x00, 
  0x05, 0x0f, 0x0f, 0x0f, 0x0f, 0x0f, 0x0f, 0x0f, 0x0f, 0x2f, 0xdf, 0xff, 0xff, 0xff, 0xff, 0xff, 0x53, 0x0f, 0x0f, 0xff, 0xff, 0xff, 0xff, 0x0f, 0x0f, 0x53, 0xff, 0xff, 0xff, 0xff, 0xff, 0xbb, 0x0f, 0x0f, 0x0f, 0x0f, 0x0f, 0x0f, 0x0f, 0x0f, 0x0f, 0x05, 
  0x05, 0x0f, 0x0f, 0x0f, 0x0f, 0x0f, 0x0f, 0x0f, 0x0f, 0x0f, 0x2f, 0xdf, 0xff, 0xff, 0xff, 0xff, 0xff, 0x53, 0x0f, 0xff, 0xff, 0xff, 0xff, 0x0f, 0x53, 0xff, 0xff, 0xff, 0xff, 0xff, 0xbb, 0x0f, 0x0f, 0x0f, 0x0f, 0x0f, 0x0f, 0x0f, 0x0f, 0x0f, 0x0f, 0x05, 
  0x05, 0x0f, 0x0f, 0x0f, 0x0f, 0x0f, 0x0f, 0x0f, 0x0f, 0x0f, 0x0f, 0x0f, 0xdf, 0xff, 0xff, 0xff, 0xff, 0xff, 0x73, 0xff, 0xff, 0xff, 0xff, 0x53, 0xff, 0xff, 0xff, 0xff, 0xff, 0xbb, 0x0f, 0x0f, 0x0f, 0x0f, 0x0f, 0x0f, 0x0f, 0x0f, 0x0f, 0x0f, 0x0f, 0x05, 
  0x0a, 0x0f, 0x0f, 0x0f, 0x0f, 0x0f, 0x0f, 0x0f, 0x0f, 0x0f, 0x0f, 0x0f, 0x0f, 0xdf, 0xff, 0xff, 0xff, 0xff, 0xff, 0xff, 0xff, 0xff, 0xff, 0xff, 0xff, 0xff, 0xff, 0xff, 0x9b, 0x0f, 0x0f, 0x0f, 0x0f, 0x0f, 0x0f, 0x0f, 0x0f, 0x0f, 0x0f, 0x0f, 0x0f, 0x05, 
  0x0a, 0x0f, 0x0f, 0x0f, 0x0f, 0x0f, 0x0f, 0x0f, 0x0f, 0x0f, 0x0f, 0x0f, 0x0f, 0x0f, 0xdf, 0xff, 0xff, 0xff, 0xff, 0xff, 0xff, 0xff, 0xff, 0xff, 0xff, 0xff, 0xff, 0x9b, 0x0f, 0x0f, 0x0f, 0x0f, 0x0f, 0x0f, 0x0f, 0x0f, 0x0f, 0x0f, 0x0f, 0x0f, 0x0f, 0x0a, 
  0x0a, 0x0f, 0x0f, 0x0f, 0x0f, 0x0f, 0x0f, 0x0f, 0x0f, 0x0f, 0x0f, 0x0f, 0x0f, 0x0f, 0x0f, 0xdb, 0xff, 0xff, 0xff, 0xff, 0xff, 0xff, 0xff, 0xff, 0xff, 0xff, 0x97, 0x0f, 0x0f, 0x0f, 0x0f, 0x0f, 0x0f, 0x0f, 0x0f, 0x0f, 0x0f, 0x0f, 0x0f, 0x0f, 0x0f, 0x0a, 
  0x0a, 0x0f, 0x0f, 0x0f, 0x0f, 0x0f, 0x0f, 0x0f, 0x0f, 0x0f, 0x0f, 0x0f, 0x0f, 0x0f, 0x0f, 0x0f, 0xdb, 0xff, 0xff, 0xff, 0xff, 0xff, 0xff, 0xff, 0xff, 0x97, 0x0f, 0x0f, 0x0f, 0x0f, 0x0f, 0x0f, 0x0f, 0x0f, 0x0f, 0x0f, 0x0f, 0x0f, 0x0f, 0x0f, 0x0f, 0x0a, 
  0x0a, 0x0f, 0x0f, 0x0f, 0x0f, 0x0f, 0x0f, 0x0f, 0x0f, 0x0f, 0x0f, 0x0f, 0x0f, 0x0f, 0x0f, 0x0f, 0x0f, 0xdb, 0xff, 0xff, 0xff, 0xff, 0xff, 0xff, 0x97, 0x0f, 0x0f, 0x0f, 0x0f, 0x0f, 0x0f, 0x0f, 0x0f, 0x0f, 0x0f, 0x0f, 0x0f, 0x0f, 0x0f, 0x0f, 0x0f, 0x0a, 
  0x0a, 0x0f, 0x0f, 0x0f, 0x0f, 0x0f, 0x0f, 0x0f, 0x0f, 0x0f, 0x0f, 0x0f, 0x0f, 0x0f, 0x0f, 0x0f, 0x0f, 0x77, 0xff, 0xff, 0xff, 0xff, 0xff, 0xff, 0x77, 0x0f, 0x0f, 0x0f, 0x0f, 0x0f, 0x0f, 0x0f, 0x0f, 0x0f, 0x0f, 0x0f, 0x0f, 0x0f, 0x0f, 0x0f, 0x0f, 0x0a, 
  0x0a, 0x0f, 0x0f, 0x0f, 0x0f, 0x0f, 0x0f, 0x0f, 0x0f, 0x0f, 0x0f, 0x0f, 0x0f, 0x0f, 0x0f, 0x0f, 0x77, 0xff, 0xff, 0xff, 0xff, 0xff, 0xff, 0xff, 0xff, 0x77, 0x0f, 0x0f, 0x0f, 0x0f, 0x0f, 0x0f, 0x0f, 0x0f, 0x0f, 0x0f, 0x0f, 0x0f, 0x0f, 0x0f, 0x0f, 0x0a, 
  0x0a, 0x0f, 0x0f, 0x0f, 0x0f, 0x0f, 0x0f, 0x0f, 0x0f, 0x0f, 0x0f, 0x0f, 0x0f, 0x0f, 0x0f, 0x77, 0xff, 0xff, 0xff, 0xff, 0xff, 0xff, 0xff, 0xff, 0xff, 0xff, 0x77, 0x0f, 0x0f, 0x0f, 0x0f, 0x0f, 0x0f, 0x0f, 0x0f, 0x0f, 0x0f, 0x0f, 0x0f, 0x0f, 0x0f, 0x0a, 
  0x0a, 0x0f, 0x0f, 0x0f, 0x0f, 0x0f, 0x0f, 0x0f, 0x0f, 0x0f, 0x0f, 0x0f, 0x0f, 0x0f, 0x97, 0xff, 0xff, 0xff, 0xff, 0xff, 0xff, 0xff, 0xff, 0xff, 0xff, 0xff, 0xff, 0x97, 0x0f, 0x0f, 0x0f, 0x0f, 0x0f, 0x0f, 0x0f, 0x0f, 0x0f, 0x0f, 0x0f, 0x0f, 0x0f, 0x0a, 
  0x0a, 0x0f, 0x0f, 0x0f, 0x0f, 0x0f, 0x0f, 0x0f, 0x0f, 0x0f, 0x0f, 0x0f, 0x0f, 0x97, 0xff, 0xff, 0xff, 0xff, 0xff, 0xff, 0xff, 0xff, 0xff, 0xff, 0xff, 0xff, 0xff, 0xff, 0x97, 0x0f, 0x0f, 0x0f, 0x0f, 0x0f, 0x0f, 0x0f, 0x0f, 0x0f, 0x0f, 0x0f, 0x0f, 0x0a, 
  0x0a, 0x0f, 0x0f, 0x0f, 0x0f, 0x0f, 0x0f, 0x0f, 0x0f, 0x0f, 0x0f, 0x0f, 0x97, 0xff, 0xff, 0xff, 0xff, 0xff, 0xbb, 0xff, 0xff, 0xff, 0xff, 0x53, 0xff, 0xff, 0xff, 0xff, 0xff, 0x97, 0x0f, 0x0f, 0x0f, 0x0f, 0x0f, 0x0f, 0x0f, 0x0f, 0x0f, 0x0f, 0x0f, 0x0a, 
  0x0a, 0x0f, 0x0f, 0x0f, 0x0f, 0x0f, 0x0f, 0x0f, 0x0f, 0x0f, 0x0f, 0x97, 0xff, 0xff, 0xff, 0xff, 0xff, 0xbb, 0x0f, 0xff, 0xff, 0xff, 0xff, 0x0f, 0x53, 0xff, 0xff, 0xff, 0xff, 0xff, 0x97, 0x0f, 0x0f, 0x0f, 0x0f, 0x0f, 0x0f, 0x0f, 0x0f, 0x0f, 0x0f, 0x0a, 
  0x05, 0x0f, 0x0f, 0x0f, 0x0f, 0x0f, 0x0f, 0x0f, 0x0f, 0x0f, 0x97, 0xff, 0xff, 0xff, 0xff, 0xff, 0xbb, 0x0f, 0x0f, 0xff, 0xff, 0xff, 0xff, 0x0f, 0x0f, 0x53, 0xff, 0xff, 0xff, 0xff, 0xff, 0x97, 0x0f, 0x0f, 0x0f, 0x0f, 0x0f, 0x0f, 0x0f, 0x0f, 0x0f, 0x05, 
  0x05, 0x0f, 0x0f, 0x0f, 0x0f, 0x0f, 0x0f, 0x0f, 0x0f, 0x97, 0xff, 0xff, 0xff, 0xff, 0xff, 0xbb, 0x0f, 0x0f, 0x0f, 0xff, 0xff, 0xff, 0xff, 0x0f, 0x0f, 0x0f, 0x53, 0xff, 0xff, 0xff, 0xff, 0xff, 0x97, 0x0f, 0x0f, 0x0f, 0x0f, 0x0f, 0x0f, 0x0f, 0x0f, 0x05, 
  0x05, 0x0f, 0x0f, 0x0f, 0x0f, 0x0f, 0x0f, 0x0f, 0x9b, 0xff, 0xff, 0xff, 0xff, 0xff, 0x9b, 0x0f, 0x0f, 0x0f, 0x0f, 0xff, 0xff, 0xff, 0xff, 0x0f, 0x0f, 0x0f, 0x0f, 0x77, 0xff, 0xff, 0xff, 0xff, 0xff, 0x97, 0x0f, 0x0f, 0x0f, 0x0f, 0x0f, 0x0f, 0x0f, 0x00, 
  0x00, 0x0f, 0x0f, 0x0f, 0x0f, 0x0f, 0x0f, 0x0f, 0xdb, 0xff, 0xff, 0xff, 0xff, 0x9b, 0x0f, 0x0f, 0x0f, 0x0f, 0x0f, 0xff, 0xff, 0xff, 0xff, 0x0f, 0x0f, 0x0f, 0x2f, 0xff, 0xff, 0xff, 0xff, 0xff, 0xff, 0x33, 0x0f, 0x0f, 0x0f, 0x0f, 0x0f, 0x0f, 0x0f, 0x00, 
  0x00, 0x0a, 0x0f, 0x0f, 0x0f, 0x0f, 0x0f, 0x0f, 0x0f, 0xdb, 0xff, 0xff, 0x97, 0x0f, 0x0f, 0x0f, 0x0f, 0x0f, 0x0f, 0xff, 0xff, 0xff, 0xff, 0x0f, 0x0f, 0x2f, 0xff, 0xff, 0xff, 0xff, 0xff, 0xff, 0x2f, 0x0f, 0x0f, 0x0f, 0x0f, 0x0f, 0x0f, 0x0f, 0x0a, 0x00, 
  0x00, 0x0a, 0x0f, 0x0f, 0x0f, 0x0f, 0x0f, 0x0f, 0x0f, 0x0f, 0xbb, 0x97, 0x0f, 0x0f, 0x0f, 0x0f, 0x0f, 0x0f, 0x0f, 0xff, 0xff, 0xff, 0xff, 0x0f, 0x2f, 0xff, 0xff, 0xff, 0xff, 0xff, 0xff, 0x2f, 0x0f, 0x0f, 0x0f, 0x0f, 0x0f, 0x0f, 0x0f, 0x0f, 0x0a, 0x00, 
  0x00, 0x05, 0x0f, 0x0f, 0x0f, 0x0f, 0x0f, 0x0f, 0x0f, 0x0f, 0x0f, 0x0f, 0x0f, 0x0f, 0x0f, 0x0f, 0x0f, 0x0f, 0x0f, 0xff, 0xff, 0xff, 0xff, 0x2f, 0xff, 0xff, 0xff, 0xff, 0xff, 0xff, 0x2f, 0x0f, 0x0f, 0x0f, 0x0f, 0x0f, 0x0f, 0x0f, 0x0f, 0x0f, 0x05, 0x00, 
  0x00, 0x05, 0x0f, 0x0f, 0x0f, 0x0f, 0x0f, 0x0f, 0x0f, 0x0f, 0x0f, 0x0f, 0x0f, 0x0f, 0x0f, 0x0f, 0x0f, 0x0f, 0x0f, 0xff, 0xff, 0xff, 0xff, 0xff, 0xff, 0xff, 0xff, 0xff, 0xff, 0x2f, 0x0f, 0x0f, 0x0f, 0x0f, 0x0f, 0x0f, 0x0f, 0x0f, 0x0f, 0x0f, 0x00, 0x00, 
  0x00, 0x00, 0x0a, 0x0f, 0x0f, 0x0f, 0x0f, 0x0f, 0x0f, 0x0f, 0x0f, 0x0f, 0x0f, 0x0f, 0x0f, 0x0f, 0x0f, 0x0f, 0x0f, 0xff, 0xff, 0xff, 0xff, 0xff, 0xff, 0xff, 0xff, 0xff, 0x2f, 0x0f, 0x0f, 0x0f, 0x0f, 0x0f, 0x0f, 0x0f, 0x0f, 0x0f, 0x0f, 0x0a, 0x00, 0x00, 
  0x00, 0x00, 0x0a, 0x0f, 0x0f, 0x0f, 0x0f, 0x0f, 0x0f, 0x0f, 0x0f, 0x0f, 0x0f, 0x0f, 0x0f, 0x0f, 0x0f, 0x0f, 0x0f, 0xff, 0xff, 0xff, 0xff, 0xff, 0xff, 0xff, 0xff, 0x2f, 0x0f, 0x0f, 0x0f, 0x0f, 0x0f, 0x0f, 0x0f, 0x0f, 0x0f, 0x0f, 0x0f, 0x05, 0x00, 0x00, 
  0x00, 0x00, 0x00, 0x0f, 0x0f, 0x0f, 0x0f, 0x0f, 0x0f, 0x0f, 0x0f, 0x0f, 0x0f, 0x0f, 0x0f, 0x0f, 0x0f, 0x0f, 0x0f, 0xff, 0xff, 0xff, 0xff, 0xff, 0xff, 0xff, 0x2f, 0x0f, 0x0f, 0x0f, 0x0f, 0x0f, 0x0f, 0x0f, 0x0f, 0x0f, 0x0f, 0x0f, 0x0a, 0x00, 0x00, 0x00, 
  0x00, 0x00, 0x00, 0x0a, 0x0f, 0x0f, 0x0f, 0x0f, 0x0f, 0x0f, 0x0f, 0x0f, 0x0f, 0x0f, 0x0f, 0x0f, 0x0f, 0x0f, 0x0f, 0xff, 0xff, 0xff, 0xff, 0xff, 0xff, 0x2f, 0x0f, 0x0f, 0x0f, 0x0f, 0x0f, 0x0f, 0x0f, 0x0f, 0x0f, 0x0f, 0x0f, 0x0f, 0x05, 0x00, 0x00, 0x00, 
  0x00, 0x00, 0x00, 0x00, 0x0f, 0x0f, 0x0f, 0x0f, 0x0f, 0x0f, 0x0f, 0x0f, 0x0f, 0x0f, 0x0f, 0x0f, 0x0f, 0x0f, 0x0f, 0xff, 0xff, 0xff, 0xff, 0xff, 0x2f, 0x0f, 0x0f, 0x0f, 0x0f, 0x0f, 0x0f, 0x0f, 0x0f, 0x0f, 0x0f, 0x0f, 0x0f, 0x0a, 0x00, 0x00, 0x00, 0x00, 
  0x00, 0x00, 0x00, 0x00, 0x05, 0x0f, 0x0f, 0x0f, 0x0f, 0x0f, 0x0f, 0x0f, 0x0f, 0x0f, 0x0f, 0x0f, 0x0f, 0x0f, 0x0f, 0xff, 0xff, 0xff, 0xdf, 0x2f, 0x0f, 0x0f, 0x0f, 0x0f, 0x0f, 0x0f, 0x0f, 0x0f, 0x0f, 0x0f, 0x0f, 0x0f, 0x0f, 0x05, 0x00, 0x00, 0x00, 0x00, 
  0x00, 0x00, 0x00, 0x00, 0x00, 0x0a, 0x0f, 0x0f, 0x0f, 0x0f, 0x0f, 0x0f, 0x0f, 0x0f, 0x0f, 0x0f, 0x0f, 0x0f, 0x0f, 0xff, 0xff, 0xdf, 0x2f, 0x0f, 0x0f, 0x0f, 0x0f, 0x0f, 0x0f, 0x0f, 0x0f, 0x0f, 0x0f, 0x0f, 0x0f, 0x0f, 0x0a, 0x00, 0x00, 0x00, 0x00, 0x00, 
  0x00, 0x00, 0x00, 0x00, 0x00, 0x00, 0x0a, 0x0f, 0x0f, 0x0f, 0x0f, 0x0f, 0x0f, 0x0f, 0x0f, 0x0f, 0x0f, 0x0f, 0x0f, 0xff, 0xdf, 0x2f, 0x0f, 0x0f, 0x0f, 0x0f, 0x0f, 0x0f, 0x0f, 0x0f, 0x0f, 0x0f, 0x0f, 0x0f, 0x0f, 0x0a, 0x00, 0x00, 0x00, 0x00, 0x00, 0x00, 
  0x00, 0x00, 0x00, 0x00, 0x00, 0x00, 0x00, 0x0a, 0x0f, 0x0f, 0x0f, 0x0f, 0x0f, 0x0f, 0x0f, 0x0f, 0x0f, 0x0f, 0x0f, 0xbb, 0x2f, 0x0f, 0x0f, 0x0f, 0x0f, 0x0f, 0x0f, 0x0f, 0x0f, 0x0f, 0x0f, 0x0f, 0x0f, 0x0f, 0x0a, 0x00, 0x00, 0x00, 0x00, 0x00, 0x00, 0x00, 
  0x00, 0x00, 0x00, 0x00, 0x00, 0x00, 0x00, 0x00, 0x0a, 0x0f, 0x0f, 0x0f, 0x0f, 0x0f, 0x0f, 0x0f, 0x0f, 0x0f, 0x0f, 0x0f, 0x0f, 0x0f, 0x0f, 0x0f, 0x0f, 0x0f, 0x0f, 0x0f, 0x0f, 0x0f, 0x0f, 0x0f, 0x0f, 0x05, 0x00, 0x00, 0x00, 0x00, 0x00, 0x00, 0x00, 0x00, 
  0x00, 0x00, 0x00, 0x00, 0x00, 0x00, 0x00, 0x00, 0x00, 0x05, 0x0a, 0x0f, 0x0f, 0x0f, 0x0f, 0x0f, 0x0f, 0x0f, 0x0f, 0x0f, 0x0f, 0x0f, 0x0f, 0x0f, 0x0f, 0x0f, 0x0f, 0x0f, 0x0f, 0x0f, 0x0f, 0x0a, 0x05, 0x00, 0x00, 0x00, 0x00, 0x00, 0x00, 0x00, 0x00, 0x00, 
  0x00, 0x00, 0x00, 0x00, 0x00, 0x00, 0x00, 0x00, 0x00, 0x00, 0x00, 0x05, 0x0a, 0x0f, 0x0f, 0x0f, 0x0f, 0x0f, 0x0f, 0x0f, 0x0f, 0x0f, 0x0f, 0x0f, 0x0f, 0x0f, 0x0f, 0x0f, 0x0a, 0x0a, 0x05, 0x00, 0x00, 0x00, 0x00, 0x00, 0x00, 0x00, 0x00, 0x00, 0x00, 0x00, 
  0x00, 0x00, 0x00, 0x00, 0x00, 0x00, 0x00, 0x00, 0x00, 0x00, 0x00, 0x00, 0x00, 0x00, 0x05, 0x05, 0x0a, 0x0a, 0x0a, 0x0a, 0x0a, 0x0a, 0x0a, 0x0a, 0x0a, 0x05, 0x05, 0x00, 0x00, 0x00, 0x00, 0x00, 0x00, 0x00, 0x00, 0x00, 0x00, 0x00, 0x00, 0x00, 0x00, 0x00, 
#endif
#if LV_COLOR_DEPTH == 16 && LV_COLOR_16_SWAP == 0
  /*Pixel format: Red: 5 bit, Green: 6 bit, Blue: 5 bit*/
  0x00, 0x00, 0x00, 0x00, 0x00, 0x00, 0x00, 0x00, 0x00, 0x00, 0x00, 0x00, 0x00, 0x00, 0x00, 0x00, 0x00, 0x00, 0x00, 0x00, 0x00, 0x00, 0x00, 0x00, 0x00, 0x00, 0x00, 0x00, 0x21, 0x00, 0x84, 0x00, 0x08, 0x01, 0x4a, 0x01, 0xad, 0x01, 0xce, 0x01, 0xce, 0x01, 0xce, 0x01, 0xad, 0x01, 0x8c, 0x01, 0x29, 0x01, 0xe7, 0x00, 0x64, 0x00, 0x00, 0x00, 0x00, 0x00, 0x00, 0x00, 0x00, 0x00, 0x00, 0x00, 0x00, 0x00, 0x00, 0x00, 0x00, 0x00, 0x00, 0x00, 0x00, 0x00, 0x00, 0x00, 0x00, 0x00, 0x00, 0x00, 0x00, 0x00, 0x00, 0x00, 
  0x00, 0x00, 0x00, 0x00, 0x00, 0x00, 0x00, 0x00, 0x00, 0x00, 0x00, 0x00, 0x00, 0x00, 0x00, 0x00, 0x00, 0x00, 0x00, 0x00, 0x00, 0x00, 0x42, 0x00, 0x29, 0x01, 0xef, 0x01, 0x95, 0x02, 0xb5, 0x02, 0xb5, 0x02, 0xb5, 0x02, 0xb5, 0x02, 0xb5, 0x02, 0xb5, 0x02, 0xb5, 0x02, 0xb5, 0x02, 0xb5, 0x02, 0xb5, 0x02, 0xb5, 0x02, 0xb5, 0x02, 0x94, 0x02, 0xef, 0x01, 0x08, 0x01, 0x21, 0x00, 0x00, 0x00, 0x00, 0x00, 0x00, 0x00, 0x00, 0x00, 0x00, 0x00, 0x00, 0x00, 0x00, 0x00, 0x00, 0x00, 0x00, 0x00, 0x00, 0x00, 0x00, 0x00, 
  0x00, 0x00, 0x00, 0x00, 0x00, 0x00, 0x00, 0x00, 0x00, 0x00, 0x00, 0x00, 0x00, 0x00, 0x00, 0x00, 0x00, 0x00, 0x84, 0x00, 0xce, 0x01, 0xb5, 0x02, 0xb5, 0x02, 0xb5, 0x02, 0xb5, 0x02, 0xb5, 0x02, 0xb5, 0x02, 0xb5, 0x02, 0xb5, 0x02, 0xb5, 0x02, 0xb5, 0x02, 0xb5, 0x02, 0xb5, 0x02, 0xb5, 0x02, 0xb5, 0x02, 0xb5, 0x02, 0xb5, 0x02, 0xb5, 0x02, 0xb5, 0x02, 0xb5, 0x02, 0x94, 0x02, 0x8c, 0x01, 0x42, 0x00, 0x00, 0x00, 0x00, 0x00, 0x00, 0x00, 0x00, 0x00, 0x00, 0x00, 0x00, 0x00, 0x00, 0x00, 0x00, 0x00, 0x00, 0x00, 
  0x00, 0x00, 0x00, 0x00, 0x00, 0x00, 0x00, 0x00, 0x00, 0x00, 0x00, 0x00, 0x00, 0x00, 0x21, 0x00, 0x8c, 0x01, 0xb5, 0x02, 0xb5, 0x02, 0xb5, 0x02, 0xb5, 0x02, 0xb5, 0x02, 0xb5, 0x02, 0xb5, 0x02, 0xb5, 0x02, 0xb5, 0x02, 0xb5, 0x02, 0xb5, 0x02, 0xb5, 0x02, 0xb5, 0x02, 0xb5, 0x02, 0xb5, 0x02, 0xb5, 0x02, 0xb5, 0x02, 0xb5, 0x02, 0xb5, 0x02, 0xb5, 0x02, 0xb5, 0x02, 0xb5, 0x02, 0xb5, 0x02, 0x94, 0x02, 0xe7, 0x00, 0x00, 0x00, 0x00, 0x00, 0x00, 0x00, 0x00, 0x00, 0x00, 0x00, 0x00, 0x00, 0x00, 0x00, 0x00, 0x00, 
  0x00, 0x00, 0x00, 0x00, 0x00, 0x00, 0x00, 0x00, 0x00, 0x00, 0x00, 0x00, 0x63, 0x00, 0x52, 0x02, 0xb5, 0x02, 0xb5, 0x02, 0xb5, 0x02, 0xb5, 0x02, 0xb5, 0x02, 0xb5, 0x02, 0xb5, 0x02, 0xb5, 0x02, 0xb5, 0x02, 0xb5, 0x02, 0xb5, 0x02, 0x79, 0x54, 0xb5, 0x02, 0xb5, 0x02, 0xb5, 0x02, 0xb5, 0x02, 0xb5, 0x02, 0xb5, 0x02, 0xb5, 0x02, 0xb5, 0x02, 0xb5, 0x02, 0xb5, 0x02, 0xb5, 0x02, 0xb5, 0x02, 0xb5, 0x02, 0xb5, 0x02, 0x8c, 0x01, 0x00, 0x00, 0x00, 0x00, 0x00, 0x00, 0x00, 0x00, 0x00, 0x00, 0x00, 0x00, 0x00, 0x00, 
  0x00, 0x00, 0x00, 0x00, 0x00, 0x00, 0x00, 0x00, 0x00, 0x00, 0xa5, 0x00, 0x94, 0x02, 0xb5, 0x02, 0xb5, 0x02, 0xb5, 0x02, 0xb5, 0x02, 0xb5, 0x02, 0xb5, 0x02, 0xb5, 0x02, 0xb5, 0x02, 0xb5, 0x02, 0xb5, 0x02, 0xb5, 0x02, 0xb5, 0x02, 0x7f, 0xef, 0xfa, 0x74, 0xb5, 0x02, 0xb5, 0x02, 0xb5, 0x02, 0xb5, 0x02, 0xb5, 0x02, 0xb5, 0x02, 0xb5, 0x02, 0xb5, 0x02, 0xb5, 0x02, 0xb5, 0x02, 0xb5, 0x02, 0xb5, 0x02, 0xb5, 0x02, 0xb5, 0x02, 0x8c, 0x01, 0x00, 0x00, 0x00, 0x00, 0x00, 0x00, 0x00, 0x00, 0x00, 0x00, 0x00, 0x00, 
  0x00, 0x00, 0x00, 0x00, 0x00, 0x00, 0x00, 0x00, 0x64, 0x00, 0x94, 0x02, 0xb5, 0x02, 0xb5, 0x02, 0xb5, 0x02, 0xb5, 0x02, 0xb5, 0x02, 0xb5, 0x02, 0xb5, 0x02, 0xb5, 0x02, 0xb5, 0x02, 0xb5, 0x02, 0xb5, 0x02, 0xb5, 0x02, 0xb5, 0x02, 0x7f, 0xe7, 0xff, 0xff, 0x5a, 0x7d, 0xb5, 0x02, 0xb5, 0x02, 0xb5, 0x02, 0xb5, 0x02, 0xb5, 0x02, 0xb5, 0x02, 0xb5, 0x02, 0xb5, 0x02, 0xb5, 0x02, 0xb5, 0x02, 0xb5, 0x02, 0xb5, 0x02, 0xb5, 0x02, 0xb5, 0x02, 0x29, 0x01, 0x00, 0x00, 0x00, 0x00, 0x00, 0x00, 0x00, 0x00, 0x00, 0x00, 
  0x00, 0x00, 0x00, 0x00, 0x00, 0x00, 0x21, 0x00, 0x52, 0x02, 0xb5, 0x02, 0xb5, 0x02, 0xb5, 0x02, 0xb5, 0x02, 0xb5, 0x02, 0xb5, 0x02, 0xb5, 0x02, 0xb5, 0x02, 0xb5, 0x02, 0xb5, 0x02, 0xb5, 0x02, 0xb5, 0x02, 0xb5, 0x02, 0xb5, 0x02, 0x7f, 0xe7, 0xff, 0xff, 0xff, 0xff, 0x5a, 0x85, 0xb5, 0x02, 0xb5, 0x02, 0xb5, 0x02, 0xb5, 0x02, 0xb5, 0x02, 0xb5, 0x02, 0xb5, 0x02, 0xb5, 0x02, 0xb5, 0x02, 0xb5, 0x02, 0xb5, 0x02, 0xb5, 0x02, 0xb5, 0x02, 0xb5, 0x02, 0x84, 0x00, 0x00, 0x00, 0x00, 0x00, 0x00, 0x00, 0x00, 0x00, 
  0x00, 0x00, 0x00, 0x00, 0x00, 0x00, 0x8c, 0x01, 0xb5, 0x02, 0xb5, 0x02, 0xb5, 0x02, 0xb5, 0x02, 0xb5, 0x02, 0xb5, 0x02, 0xb5, 0x02, 0xb5, 0x02, 0xb5, 0x02, 0xb5, 0x02, 0xb5, 0x02, 0xb5, 0x02, 0xb5, 0x02, 0xb5, 0x02, 0xb5, 0x02, 0x7f, 0xef, 0xff, 0xff, 0xff, 0xff, 0xff, 0xff, 0x9b, 0x95, 0xb5, 0x02, 0xb5, 0x02, 0xb5, 0x02, 0xb5, 0x02, 0xb5, 0x02, 0xb5, 0x02, 0xb5, 0x02, 0xb5, 0x02, 0xb5, 0x02, 0xb5, 0x02, 0xb5, 0x02, 0xb5, 0x02, 0xb5, 0x02, 0x10, 0x02, 0x00, 0x00, 0x00, 0x00, 0x00, 0x00, 0x00, 0x00, 
  0x00, 0x00, 0x00, 0x00, 0x63, 0x00, 0xb5, 0x02, 0xb5, 0x02, 0xb5, 0x02, 0xb5, 0x02, 0xb5, 0x02, 0xb5, 0x02, 0xb5, 0x02, 0xb5, 0x02, 0xb5, 0x02, 0xb5, 0x02, 0xb5, 0x02, 0xb5, 0x02, 0xb5, 0x02, 0xb5, 0x02, 0xb5, 0x02, 0xb5, 0x02, 0x7f, 0xef, 0xff, 0xff, 0xff, 0xff, 0xff, 0xff, 0xff, 0xff, 0xbb, 0x95, 0xb5, 0x02, 0xb5, 0x02, 0xb5, 0x02, 0xb5, 0x02, 0xb5, 0x02, 0xb5, 0x02, 0xb5, 0x02, 0xb5, 0x02, 0xb5, 0x02, 0xb5, 0x02, 0xb5, 0x02, 0xb5, 0x02, 0xb5, 0x02, 0xe7, 0x00, 0x00, 0x00, 0x00, 0x00, 0x00, 0x00, 
  0x00, 0x00, 0x00, 0x00, 0xad, 0x01, 0xb5, 0x02, 0xb5, 0x02, 0xb5, 0x02, 0xb5, 0x02, 0xb5, 0x02, 0xb5, 0x02, 0xb5, 0x02, 0xb5, 0x02, 0xb5, 0x02, 0xb5, 0x02, 0xb5, 0x02, 0xb5, 0x02, 0xb5, 0x02, 0xb5, 0x02, 0xb5, 0x02, 0xb5, 0x02, 0x7f, 0xef, 0xff, 0xff, 0xff, 0xff, 0xff, 0xff, 0xff, 0xff, 0xff, 0xff, 0xdc, 0x9d, 0xd5, 0x0a, 0xb5, 0x02, 0xb5, 0x02, 0xb5, 0x02, 0xb5, 0x02, 0xb5, 0x02, 0xb5, 0x02, 0xb5, 0x02, 0xb5, 0x02, 0xb5, 0x02, 0xb5, 0x02, 0xb5, 0x02, 0x10, 0x02, 0x00, 0x00, 0x00, 0x00, 0x00, 0x00, 
  0x00, 0x00, 0x21, 0x00, 0x94, 0x02, 0xb5, 0x02, 0xb5, 0x02, 0xb5, 0x02, 0xb5, 0x02, 0xb5, 0x02, 0xb5, 0x02, 0xb5, 0x02, 0xb5, 0x02, 0xb5, 0x02, 0xb5, 0x02, 0xb5, 0x02, 0xb5, 0x02, 0xb5, 0x02, 0xb5, 0x02, 0xb5, 0x02, 0xb5, 0x02, 0x7f, 0xef, 0xff, 0xff, 0xff, 0xff, 0xff, 0xff, 0xff, 0xff, 0xff, 0xff, 0xff, 0xff, 0x1c, 0xa6, 0xd6, 0x0a, 0xb5, 0x02, 0xb5, 0x02, 0xb5, 0x02, 0xb5, 0x02, 0xb5, 0x02, 0xb5, 0x02, 0xb5, 0x02, 0xb5, 0x02, 0xb5, 0x02, 0xb5, 0x02, 0xb5, 0x02, 0x83, 0x00, 0x00, 0x00, 0x00, 0x00, 
  0x00, 0x00, 0xe7, 0x00, 0xb5, 0x02, 0xb5, 0x02, 0xb5, 0x02, 0xb5, 0x02, 0xb5, 0x02, 0xb5, 0x02, 0xb5, 0x02, 0xb5, 0x02, 0xb5, 0x02, 0xb5, 0x02, 0xb5, 0x02, 0xb5, 0x02, 0xb5, 0x02, 0xb5, 0x02, 0xb5, 0x02, 0xb5, 0x02, 0xb5, 0x02, 0x7f, 0xef, 0xff, 0xff, 0xff, 0xff, 0xff, 0xff, 0xff, 0xff, 0xff, 0xff, 0xff, 0xff, 0xff, 0xff, 0x3c, 0xae, 0xd5, 0x0a, 0xb5, 0x02, 0xb5, 0x02, 0xb5, 0x02, 0xb5, 0x02, 0xb5, 0x02, 0xb5, 0x02, 0xb5, 0x02, 0xb5, 0x02, 0xb5, 0x02, 0xb5, 0x02, 0x6b, 0x01, 0x00, 0x00, 0x00, 0x00, 
  0x00, 0x00, 0xad, 0x01, 0xb5, 0x02, 0xb5, 0x02, 0xb5, 0x02, 0xb5, 0x02, 0xb5, 0x02, 0xb5, 0x02, 0xb5, 0x02, 0xb5, 0x02, 0xb5, 0x02, 0xb5, 0x02, 0xb5, 0x02, 0xb5, 0x02, 0xb5, 0x02, 0xb5, 0x02, 0xb5, 0x02, 0xb5, 0x02, 0xb5, 0x02, 0x7f, 0xef, 0xff, 0xff, 0xff, 0xff, 0xff, 0xff, 0x9f, 0xef, 0xff, 0xff, 0xff, 0xff, 0xff, 0xff, 0xff, 0xff, 0x5c, 0xb6, 0xf6, 0x0a, 0xb5, 0x02, 0xb5, 0x02, 0xb5, 0x02, 0xb5, 0x02, 0xb5, 0x02, 0xb5, 0x02, 0xb5, 0x02, 0xb5, 0x02, 0xb5, 0x02, 0x31, 0x02, 0x00, 0x00, 0x00, 0x00, 
  0x00, 0x00, 0x31, 0x02, 0xb5, 0x02, 0xb5, 0x02, 0xb5, 0x02, 0xb5, 0x02, 0xb5, 0x02, 0xb5, 0x02, 0xb5, 0x02, 0xb5, 0x02, 0xb5, 0x02, 0xb5, 0x02, 0xb5, 0x02, 0xb5, 0x02, 0xb5, 0x02, 0xb5, 0x02, 0xb5, 0x02, 0xb5, 0x02, 0xb5, 0x02, 0x7f, 0xef, 0xff, 0xff, 0xff, 0xff, 0xff, 0xff, 0xb7, 0x33, 0x9f, 0xef, 0xff, 0xff, 0xff, 0xff, 0xff, 0xff, 0xff, 0xff, 0x9d, 0xbe, 0xf6, 0x0a, 0xb5, 0x02, 0xb5, 0x02, 0xb5, 0x02, 0xb5, 0x02, 0xb5, 0x02, 0xb5, 0x02, 0xb5, 0x02, 0xb5, 0x02, 0xb5, 0x02, 0x42, 0x00, 0x00, 0x00, 
  0x00, 0x00, 0x94, 0x02, 0xb5, 0x02, 0xb5, 0x02, 0xb5, 0x02, 0xb5, 0x02, 0xb5, 0x02, 0xb5, 0x02, 0xb5, 0x02, 0xb5, 0x02, 0x58, 0x54, 0xf8, 0x3b, 0xb5, 0x02, 0xb5, 0x02, 0xb5, 0x02, 0xb5, 0x02, 0xb5, 0x02, 0xb5, 0x02, 0xb5, 0x02, 0x7f, 0xef, 0xff, 0xff, 0xff, 0xff, 0xff, 0xff, 0xd6, 0x0a, 0xb7, 0x33, 0x9f, 0xef, 0xff, 0xff, 0xff, 0xff, 0xff, 0xff, 0xff, 0xff, 0x9d, 0xc6, 0xf6, 0x12, 0xb5, 0x02, 0xb5, 0x02, 0xb5, 0x02, 0xb5, 0x02, 0xb5, 0x02, 0xb5, 0x02, 0xb5, 0x02, 0xb5, 0x02, 0xe7, 0x00, 0x00, 0x00, 
  0x42, 0x00, 0xb5, 0x02, 0xb5, 0x02, 0xb5, 0x02, 0xb5, 0x02, 0xb5, 0x02, 0xb5, 0x02, 0xb5, 0x02, 0xb5, 0x02, 0x58, 0x54, 0xff, 0xff, 0xbf, 0xf7, 0xf7, 0x43, 0xb5, 0x02, 0xb5, 0x02, 0xb5, 0x02, 0xb5, 0x02, 0xb5, 0x02, 0xb5, 0x02, 0x7f, 0xef, 0xff, 0xff, 0xff, 0xff, 0xff, 0xff, 0xd6, 0x0a, 0xb5, 0x02, 0xb7, 0x33, 0x9f, 0xef, 0xff, 0xff, 0xff, 0xff, 0xff, 0xff, 0xff, 0xff, 0xdd, 0xce, 0xf6, 0x12, 0xb5, 0x02, 0xb5, 0x02, 0xb5, 0x02, 0xb5, 0x02, 0xb5, 0x02, 0xb5, 0x02, 0xb5, 0x02, 0x6c, 0x01, 0x00, 0x00, 
  0x84, 0x00, 0xb5, 0x02, 0xb5, 0x02, 0xb5, 0x02, 0xb5, 0x02, 0xb5, 0x02, 0xb5, 0x02, 0xb5, 0x02, 0x99, 0x5c, 0xff, 0xff, 0xff, 0xff, 0xff, 0xff, 0xdf, 0xf7, 0x18, 0x44, 0xb5, 0x02, 0xb5, 0x02, 0xb5, 0x02, 0xb5, 0x02, 0xb5, 0x02, 0x7f, 0xef, 0xff, 0xff, 0xff, 0xff, 0xff, 0xff, 0xd5, 0x0a, 0xb5, 0x02, 0xb5, 0x02, 0xb7, 0x33, 0x9f, 0xef, 0xff, 0xff, 0xff, 0xff, 0xff, 0xff, 0xff, 0xff, 0xdd, 0xce, 0x16, 0x13, 0xb5, 0x02, 0xb5, 0x02, 0xb5, 0x02, 0xb5, 0x02, 0xb5, 0x02, 0xb5, 0x02, 0x10, 0x02, 0x00, 0x00, 
  0xa5, 0x00, 0xb5, 0x02, 0xb5, 0x02, 0xb5, 0x02, 0xb5, 0x02, 0xb5, 0x02, 0xb5, 0x02, 0xd5, 0x0a, 0xfe, 0xce, 0xff, 0xff, 0xff, 0xff, 0xff, 0xff, 0xff, 0xff, 0xdf, 0xff, 0x18, 0x44, 0xb5, 0x02, 0xb5, 0x02, 0xb5, 0x02, 0xb5, 0x02, 0x7f, 0xef, 0xff, 0xff, 0xff, 0xff, 0xff, 0xff, 0xd5, 0x0a, 0xb5, 0x02, 0xb5, 0x02, 0xb5, 0x02, 0xb9, 0x64, 0xff, 0xff, 0xff, 0xff, 0xff, 0xff, 0xff, 0xff, 0xff, 0xff, 0x5a, 0x85, 0xb5, 0x02, 0xb5, 0x02, 0xb5, 0x02, 0xb5, 0x02, 0xb5, 0x02, 0xb5, 0x02, 0x73, 0x02, 0x00, 0x00, 
  0xe7, 0x00, 0xb5, 0x02, 0xb5, 0x02, 0xb5, 0x02, 0xb5, 0x02, 0xb5, 0x02, 0xb5, 0x02, 0xb5, 0x02, 0x36, 0x1b, 0xfe, 0xce, 0xff, 0xff, 0xff, 0xff, 0xff, 0xff, 0xff, 0xff, 0xdf, 0xff, 0x38, 0x4c, 0xb5, 0x02, 0xb5, 0x02, 0xb5, 0x02, 0x7f, 0xef, 0xff, 0xff, 0xff, 0xff, 0xff, 0xff, 0xd5, 0x0a, 0xb5, 0x02, 0xb5, 0x02, 0xd8, 0x3b, 0xbf, 0xf7, 0xff, 0xff, 0xff, 0xff, 0xff, 0xff, 0xff, 0xff, 0xfc, 0x9d, 0xd5, 0x0a, 0xb5, 0x02, 0xb5, 0x02, 0xb5, 0x02, 0xb5, 0x02, 0xb5, 0x02, 0xb5, 0x02, 0xb5, 0x02, 0x42, 0x00, 
  0x08, 0x01, 0xb5, 0x02, 0xb5, 0x02, 0xb5, 0x02, 0xb5, 0x02, 0xb5, 0x02, 0xb5, 0x02, 0xb5, 0x02, 0xb5, 0x02, 0x16, 0x13, 0xfe, 0xce, 0xff, 0xff, 0xff, 0xff, 0xff, 0xff, 0xff, 0xff, 0xdf, 0xff, 0x38, 0x4c, 0xb5, 0x02, 0xb6, 0x02, 0x7f, 0xef, 0xff, 0xff, 0xff, 0xff, 0xff, 0xff, 0xd6, 0x0a, 0xb5, 0x02, 0xd8, 0x3b, 0xbf, 0xf7, 0xff, 0xff, 0xff, 0xff, 0xff, 0xff, 0xff, 0xff, 0xfc, 0x9d, 0xd5, 0x0a, 0xb5, 0x02, 0xb5, 0x02, 0xb5, 0x02, 0xb5, 0x02, 0xb5, 0x02, 0xb5, 0x02, 0xb5, 0x02, 0xb5, 0x02, 0xa5, 0x00, 
  0x4a, 0x01, 0xb5, 0x02, 0xb5, 0x02, 0xb5, 0x02, 0xb5, 0x02, 0xb5, 0x02, 0xb5, 0x02, 0xb5, 0x02, 0xb5, 0x02, 0xb5, 0x02, 0x16, 0x13, 0xdd, 0xc6, 0xff, 0xff, 0xff, 0xff, 0xff, 0xff, 0xff, 0xff, 0xdf, 0xff, 0x59, 0x54, 0xb6, 0x02, 0x7f, 0xef, 0xff, 0xff, 0xff, 0xff, 0xff, 0xff, 0xd6, 0x0a, 0xf8, 0x43, 0xbf, 0xf7, 0xff, 0xff, 0xff, 0xff, 0xff, 0xff, 0xff, 0xff, 0xdb, 0x95, 0xd5, 0x0a, 0xb5, 0x02, 0xb5, 0x02, 0xb5, 0x02, 0xb5, 0x02, 0xb5, 0x02, 0xb5, 0x02, 0xb5, 0x02, 0xb5, 0x02, 0xb5, 0x02, 0xe7, 0x00, 
  0x6b, 0x01, 0xb5, 0x02, 0xb5, 0x02, 0xb5, 0x02, 0xb5, 0x02, 0xb5, 0x02, 0xb5, 0x02, 0xb5, 0x02, 0xb5, 0x02, 0xb5, 0x02, 0xb5, 0x02, 0xf6, 0x12, 0xdd, 0xc6, 0xff, 0xff, 0xff, 0xff, 0xff, 0xff, 0xff, 0xff, 0xff, 0xff, 0x58, 0x54, 0x7f, 0xef, 0xff, 0xff, 0xff, 0xff, 0xff, 0xff, 0x18, 0x44, 0xdf, 0xf7, 0xff, 0xff, 0xff, 0xff, 0xff, 0xff, 0xff, 0xff, 0xdb, 0x95, 0xb5, 0x02, 0xb5, 0x02, 0xb5, 0x02, 0xb5, 0x02, 0xb5, 0x02, 0xb5, 0x02, 0xb5, 0x02, 0xb5, 0x02, 0xb5, 0x02, 0xb5, 0x02, 0xb5, 0x02, 0x4a, 0x01, 
  0x8c, 0x01, 0xb5, 0x02, 0xb5, 0x02, 0xb5, 0x02, 0xb5, 0x02, 0xb5, 0x02, 0xb5, 0x02, 0xb5, 0x02, 0xb5, 0x02, 0xb5, 0x02, 0xb5, 0x02, 0xb5, 0x02, 0x16, 0x13, 0xbd, 0xc6, 0xff, 0xff, 0xff, 0xff, 0xff, 0xff, 0xff, 0xff, 0xff, 0xff, 0xff, 0xff, 0xff, 0xff, 0xff, 0xff, 0xff, 0xff, 0xdf, 0xff, 0xff, 0xff, 0xff, 0xff, 0xff, 0xff, 0xff, 0xff, 0xbb, 0x95, 0xd5, 0x02, 0xb5, 0x02, 0xb5, 0x02, 0xb5, 0x02, 0xb5, 0x02, 0xb5, 0x02, 0xb5, 0x02, 0xb5, 0x02, 0xb5, 0x02, 0xb5, 0x02, 0xb5, 0x02, 0xb5, 0x02, 0x8c, 0x01, 
  0xce, 0x01, 0xb5, 0x02, 0xb5, 0x02, 0xb5, 0x02, 0xb5, 0x02, 0xb5, 0x02, 0xb5, 0x02, 0xb5, 0x02, 0xb5, 0x02, 0xb5, 0x02, 0xb5, 0x02, 0xb5, 0x02, 0xb5, 0x02, 0xf6, 0x12, 0xbd, 0xbe, 0xff, 0xff, 0xff, 0xff, 0xff, 0xff, 0xff, 0xff, 0xff, 0xff, 0xff, 0xff, 0xff, 0xff, 0xff, 0xff, 0xff, 0xff, 0xff, 0xff, 0xff, 0xff, 0xff, 0xff, 0x9b, 0x8d, 0xb5, 0x02, 0xb5, 0x02, 0xb5, 0x02, 0xb5, 0x02, 0xb5, 0x02, 0xb5, 0x02, 0xb5, 0x02, 0xb5, 0x02, 0xb5, 0x02, 0xb5, 0x02, 0xb5, 0x02, 0xb5, 0x02, 0xb5, 0x02, 0xce, 0x01, 
  0xcf, 0x01, 0xb5, 0x02, 0xb5, 0x02, 0xb5, 0x02, 0xb5, 0x02, 0xb5, 0x02, 0xb5, 0x02, 0xb5, 0x02, 0xb5, 0x02, 0xb5, 0x02, 0xb5, 0x02, 0xb5, 0x02, 0xb5, 0x02, 0xb5, 0x02, 0xf6, 0x12, 0x9d, 0xbe, 0xff, 0xff, 0xff, 0xff, 0xff, 0xff, 0xff, 0xff, 0xff, 0xff, 0xff, 0xff, 0xff, 0xff, 0xff, 0xff, 0xff, 0xff, 0xff, 0xff, 0x9b, 0x8d, 0xb5, 0x02, 0xb5, 0x02, 0xb5, 0x02, 0xb5, 0x02, 0xb5, 0x02, 0xb5, 0x02, 0xb5, 0x02, 0xb5, 0x02, 0xb5, 0x02, 0xb5, 0x02, 0xb5, 0x02, 0xb5, 0x02, 0xb5, 0x02, 0xb5, 0x02, 0xef, 0x01, 
  0xef, 0x01, 0xb5, 0x02, 0xb5, 0x02, 0xb5, 0x02, 0xb5, 0x02, 0xb5, 0x02, 0xb5, 0x02, 0xb5, 0x02, 0xb5, 0x02, 0xb5, 0x02, 0xb5, 0x02, 0xb5, 0x02, 0xb5, 0x02, 0xb5, 0x02, 0xb5, 0x02, 0xd6, 0x0a, 0x7d, 0xbe, 0xff, 0xff, 0xff, 0xff, 0xff, 0xff, 0xff, 0xff, 0xff, 0xff, 0xff, 0xff, 0xff, 0xff, 0xff, 0xff, 0x7b, 0x85, 0xb5, 0x02, 0xb5, 0x02, 0xb5, 0x02, 0xb5, 0x02, 0xb5, 0x02, 0xb5, 0x02, 0xb5, 0x02, 0xb5, 0x02, 0xb5, 0x02, 0xb5, 0x02, 0xb5, 0x02, 0xb5, 0x02, 0xb5, 0x02, 0xb5, 0x02, 0xb5, 0x02, 0x10, 0x02, 
  0xef, 0x01, 0xb5, 0x02, 0xb5, 0x02, 0xb5, 0x02, 0xb5, 0x02, 0xb5, 0x02, 0xb5, 0x02, 0xb5, 0x02, 0xb5, 0x02, 0xb5, 0x02, 0xb5, 0x02, 0xb5, 0x02, 0xb5, 0x02, 0xb5, 0x02, 0xb5, 0x02, 0xb5, 0x02, 0xf6, 0x0a, 0x7d, 0xb6, 0xff, 0xff, 0xff, 0xff, 0xff, 0xff, 0xff, 0xff, 0xff, 0xff, 0xff, 0xff, 0x5a, 0x85, 0xb5, 0x02, 0xb5, 0x02, 0xb5, 0x02, 0xb5, 0x02, 0xb5, 0x02, 0xb5, 0x02, 0xb5, 0x02, 0xb5, 0x02, 0xb5, 0x02, 0xb5, 0x02, 0xb5, 0x02, 0xb5, 0x02, 0xb5, 0x02, 0xb5, 0x02, 0xb5, 0x02, 0xb5, 0x02, 0x31, 0x02, 
  0xef, 0x01, 0xb5, 0x02, 0xb5, 0x02, 0xb5, 0x02, 0xb5, 0x02, 0xb5, 0x02, 0xb5, 0x02, 0xb5, 0x02, 0xb5, 0x02, 0xb5, 0x02, 0xb5, 0x02, 0xb5, 0x02, 0xb5, 0x02, 0xb5, 0x02, 0xb5, 0x02, 0xb5, 0x02, 0xb5, 0x02, 0xfa, 0x74, 0xff, 0xff, 0xff, 0xff, 0xff, 0xff, 0xff, 0xff, 0xff, 0xff, 0xff, 0xff, 0xb9, 0x64, 0xb5, 0x02, 0xb5, 0x02, 0xb5, 0x02, 0xb5, 0x02, 0xb5, 0x02, 0xb5, 0x02, 0xb5, 0x02, 0xb5, 0x02, 0xb5, 0x02, 0xb5, 0x02, 0xb5, 0x02, 0xb5, 0x02, 0xb5, 0x02, 0xb5, 0x02, 0xb5, 0x02, 0xb5, 0x02, 0x52, 0x02, 
  0xef, 0x01, 0xb5, 0x02, 0xb5, 0x02, 0xb5, 0x02, 0xb5, 0x02, 0xb5, 0x02, 0xb5, 0x02, 0xb5, 0x02, 0xb5, 0x02, 0xb5, 0x02, 0xb5, 0x02, 0xb5, 0x02, 0xb5, 0x02, 0xb5, 0x02, 0xb5, 0x02, 0xb5, 0x02, 0xfa, 0x74, 0xff, 0xff, 0xff, 0xff, 0xff, 0xff, 0xff, 0xff, 0xff, 0xff, 0xff, 0xff, 0xff, 0xff, 0xff, 0xff, 0xda, 0x6c, 0xb5, 0x02, 0xb5, 0x02, 0xb5, 0x02, 0xb5, 0x02, 0xb5, 0x02, 0xb5, 0x02, 0xb5, 0x02, 0xb5, 0x02, 0xb5, 0x02, 0xb5, 0x02, 0xb5, 0x02, 0xb5, 0x02, 0xb5, 0x02, 0xb5, 0x02, 0xb5, 0x02, 0x52, 0x02, 
  0xef, 0x01, 0xb5, 0x02, 0xb5, 0x02, 0xb5, 0x02, 0xb5, 0x02, 0xb5, 0x02, 0xb5, 0x02, 0xb5, 0x02, 0xb5, 0x02, 0xb5, 0x02, 0xb5, 0x02, 0xb5, 0x02, 0xb5, 0x02, 0xb5, 0x02, 0xb5, 0x02, 0xfa, 0x74, 0xff, 0xff, 0xff, 0xff, 0xff, 0xff, 0xff, 0xff, 0xff, 0xff, 0xff, 0xff, 0xff, 0xff, 0xff, 0xff, 0xff, 0xff, 0xff, 0xff, 0xfa, 0x6c, 0xb5, 0x02, 0xb5, 0x02, 0xb5, 0x02, 0xb5, 0x02, 0xb5, 0x02, 0xb5, 0x02, 0xb5, 0x02, 0xb5, 0x02, 0xb5, 0x02, 0xb5, 0x02, 0xb5, 0x02, 0xb5, 0x02, 0xb5, 0x02, 0xb5, 0x02, 0x52, 0x02, 
  0xef, 0x01, 0xb5, 0x02, 0xb5, 0x02, 0xb5, 0x02, 0xb5, 0x02, 0xb5, 0x02, 0xb5, 0x02, 0xb5, 0x02, 0xb5, 0x02, 0xb5, 0x02, 0xb5, 0x02, 0xb5, 0x02, 0xb5, 0x02, 0xb5, 0x02, 0x1a, 0x75, 0xff, 0xff, 0xff, 0xff, 0xff, 0xff, 0xff, 0xff, 0xff, 0xff, 0xff, 0xff, 0xff, 0xff, 0xff, 0xff, 0xff, 0xff, 0xff, 0xff, 0xff, 0xff, 0xff, 0xff, 0xfa, 0x74, 0xb5, 0x02, 0xb5, 0x02, 0xb5, 0x02, 0xb5, 0x02, 0xb5, 0x02, 0xb5, 0x02, 0xb5, 0x02, 0xb5, 0x02, 0xb5, 0x02, 0xb5, 0x02, 0xb5, 0x02, 0xb5, 0x02, 0xb5, 0x02, 0x11, 0x02, 
  0xef, 0x01, 0xb5, 0x02, 0xb5, 0x02, 0xb5, 0x02, 0xb5, 0x02, 0xb5, 0x02, 0xb5, 0x02, 0xb5, 0x02, 0xb5, 0x02, 0xb5, 0x02, 0xb5, 0x02, 0xb5, 0x02, 0xb5, 0x02, 0x1a, 0x7d, 0xff, 0xff, 0xff, 0xff, 0xff, 0xff, 0xff, 0xff, 0xff, 0xff, 0xff, 0xff, 0xff, 0xff, 0xff, 0xff, 0xff, 0xff, 0xdf, 0xf7, 0xff, 0xff, 0xff, 0xff, 0xff, 0xff, 0xff, 0xff, 0x1a, 0x75, 0xb5, 0x02, 0xb5, 0x02, 0xb5, 0x02, 0xb5, 0x02, 0xb5, 0x02, 0xb5, 0x02, 0xb5, 0x02, 0xb5, 0x02, 0xb5, 0x02, 0xb5, 0x02, 0xb5, 0x02, 0xb5, 0x02, 0x10, 0x02, 
  0xad, 0x01, 0xb5, 0x02, 0xb5, 0x02, 0xb5, 0x02, 0xb5, 0x02, 0xb5, 0x02, 0xb5, 0x02, 0xb5, 0x02, 0xb5, 0x02, 0xb5, 0x02, 0xb5, 0x02, 0xb5, 0x02, 0x3a, 0x7d, 0xff, 0xff, 0xff, 0xff, 0xff, 0xff, 0xff, 0xff, 0xff, 0xff, 0xdb, 0x9d, 0x9f, 0xef, 0xff, 0xff, 0xff, 0xff, 0xff, 0xff, 0x18, 0x44, 0xbf, 0xf7, 0xff, 0xff, 0xff, 0xff, 0xff, 0xff, 0xff, 0xff, 0x3a, 0x7d, 0xb5, 0x02, 0xb5, 0x02, 0xb5, 0x02, 0xb5, 0x02, 0xb5, 0x02, 0xb5, 0x02, 0xb5, 0x02, 0xb5, 0x02, 0xb5, 0x02, 0xb5, 0x02, 0xb5, 0x02, 0xce, 0x01, 
  0x8c, 0x01, 0xb5, 0x02, 0xb5, 0x02, 0xb5, 0x02, 0xb5, 0x02, 0xb5, 0x02, 0xb5, 0x02, 0xb5, 0x02, 0xb5, 0x02, 0xb5, 0x02, 0xb5, 0x02, 0x3a, 0x7d, 0xff, 0xff, 0xff, 0xff, 0xff, 0xff, 0xff, 0xff, 0xff, 0xff, 0xfc, 0x9d, 0xd6, 0x0a, 0x7f, 0xe7, 0xff, 0xff, 0xff, 0xff, 0xff, 0xff, 0xd6, 0x0a, 0x18, 0x44, 0xbf, 0xf7, 0xff, 0xff, 0xff, 0xff, 0xff, 0xff, 0xff, 0xff, 0x3a, 0x7d, 0xb5, 0x02, 0xb5, 0x02, 0xb5, 0x02, 0xb5, 0x02, 0xb5, 0x02, 0xb5, 0x02, 0xb5, 0x02, 0xb5, 0x02, 0xb5, 0x02, 0xb5, 0x02, 0x8c, 0x01, 
  0x4b, 0x01, 0xb5, 0x02, 0xb5, 0x02, 0xb5, 0x02, 0xb5, 0x02, 0xb5, 0x02, 0xb5, 0x02, 0xb5, 0x02, 0xb5, 0x02, 0xb5, 0x02, 0x5b, 0x85, 0xff, 0xff, 0xff, 0xff, 0xff, 0xff, 0xff, 0xff, 0xff, 0xff, 0xdb, 0x95, 0xb5, 0x02, 0xb6, 0x02, 0x7f, 0xef, 0xff, 0xff, 0xff, 0xff, 0xff, 0xff, 0xd6, 0x0a, 0xb5, 0x02, 0xf8, 0x43, 0xdf, 0xf7, 0xff, 0xff, 0xff, 0xff, 0xff, 0xff, 0xff, 0xff, 0x7b, 0x85, 0xb5, 0x02, 0xb5, 0x02, 0xb5, 0x02, 0xb5, 0x02, 0xb5, 0x02, 0xb5, 0x02, 0xb5, 0x02, 0xb5, 0x02, 0xb5, 0x02, 0x4a, 0x01, 
  0x08, 0x01, 0xb5, 0x02, 0xb5, 0x02, 0xb5, 0x02, 0xb5, 0x02, 0xb5, 0x02, 0xb5, 0x02, 0xb5, 0x02, 0xb5, 0x02, 0x7a, 0x85, 0xff, 0xff, 0xff, 0xff, 0xff, 0xff, 0xff, 0xff, 0xff, 0xff, 0xdc, 0x95, 0xb6, 0x02, 0xb5, 0x02, 0xb5, 0x02, 0x7f, 0xef, 0xff, 0xff, 0xff, 0xff, 0xff, 0xff, 0xd5, 0x0a, 0xb5, 0x02, 0xb6, 0x02, 0x18, 0x44, 0xbf, 0xf7, 0xff, 0xff, 0xff, 0xff, 0xff, 0xff, 0xff, 0xff, 0x7b, 0x85, 0xb5, 0x02, 0xb5, 0x02, 0xb5, 0x02, 0xb5, 0x02, 0xb5, 0x02, 0xb5, 0x02, 0xb5, 0x02, 0xb5, 0x02, 0xe7, 0x00, 
  0xc6, 0x00, 0xb5, 0x02, 0xb5, 0x02, 0xb5, 0x02, 0xb5, 0x02, 0xb5, 0x02, 0xb5, 0x02, 0xb5, 0x02, 0x9b, 0x8d, 0xff, 0xff, 0xff, 0xff, 0xff, 0xff, 0xff, 0xff, 0xff, 0xff, 0x9b, 0x8d, 0xb5, 0x02, 0xb5, 0x02, 0xb5, 0x02, 0xb5, 0x02, 0x7f, 0xef, 0xff, 0xff, 0xff, 0xff, 0xff, 0xff, 0xd5, 0x0a, 0xb5, 0x02, 0xb5, 0x02, 0xb5, 0x02, 0xb9, 0x64, 0xff, 0xff, 0xff, 0xff, 0xff, 0xff, 0xff, 0xff, 0xff, 0xff, 0x5a, 0x7d, 0xb5, 0x02, 0xb5, 0x02, 0xb5, 0x02, 0xb5, 0x02, 0xb5, 0x02, 0xb5, 0x02, 0xb5, 0x02, 0x84, 0x00, 
  0x63, 0x00, 0xb5, 0x02, 0xb5, 0x02, 0xb5, 0x02, 0xb5, 0x02, 0xb5, 0x02, 0xb5, 0x02, 0xd5, 0x0a, 0x9d, 0xbe, 0xff, 0xff, 0xff, 0xff, 0xff, 0xff, 0xff, 0xff, 0x9b, 0x8d, 0xb5, 0x02, 0xb5, 0x02, 0xb5, 0x02, 0xb5, 0x02, 0xb5, 0x02, 0x7f, 0xef, 0xff, 0xff, 0xff, 0xff, 0xff, 0xff, 0xd5, 0x0a, 0xb5, 0x02, 0xb5, 0x02, 0x77, 0x2b, 0x5e, 0xe7, 0xff, 0xff, 0xff, 0xff, 0xff, 0xff, 0xff, 0xff, 0x9f, 0xef, 0xb7, 0x2b, 0xb5, 0x02, 0xb5, 0x02, 0xb5, 0x02, 0xb5, 0x02, 0xb5, 0x02, 0xb5, 0x02, 0xb5, 0x02, 0x21, 0x00, 
  0x20, 0x00, 0x94, 0x02, 0xb5, 0x02, 0xb5, 0x02, 0xb5, 0x02, 0xb5, 0x02, 0xb5, 0x02, 0xb5, 0x02, 0xf6, 0x0a, 0x7d, 0xb6, 0xff, 0xff, 0xff, 0xff, 0x7b, 0x85, 0xb5, 0x02, 0xb5, 0x02, 0xb5, 0x02, 0xb5, 0x02, 0xb5, 0x02, 0xb5, 0x02, 0x7f, 0xef, 0xff, 0xff, 0xff, 0xff, 0xff, 0xff, 0xd6, 0x0a, 0xb5, 0x02, 0x76, 0x2b, 0x7f, 0xe7, 0xff, 0xff, 0xff, 0xff, 0xff, 0xff, 0xff, 0xff, 0x7f, 0xef, 0x97, 0x2b, 0xb5, 0x02, 0xb5, 0x02, 0xb5, 0x02, 0xb5, 0x02, 0xb5, 0x02, 0xb5, 0x02, 0xb5, 0x02, 0x31, 0x02, 0x00, 0x00, 
  0x00, 0x00, 0x10, 0x02, 0xb5, 0x02, 0xb5, 0x02, 0xb5, 0x02, 0xb5, 0x02, 0xb5, 0x02, 0xb5, 0x02, 0xb5, 0x02, 0xf6, 0x0a, 0x7d, 0xb6, 0x7b, 0x85, 0xb5, 0x02, 0xb5, 0x02, 0xb5, 0x02, 0xb5, 0x02, 0xb5, 0x02, 0xb5, 0x02, 0xb5, 0x02, 0x7f, 0xef, 0xff, 0xff, 0xff, 0xff, 0xff, 0xff, 0xd6, 0x0a, 0x97, 0x2b, 0x7f, 0xe7, 0xff, 0xff, 0xff, 0xff, 0xff, 0xff, 0xff, 0xff, 0x7f, 0xe7, 0x97, 0x2b, 0xb5, 0x02, 0xb5, 0x02, 0xb5, 0x02, 0xb5, 0x02, 0xb5, 0x02, 0xb5, 0x02, 0xb5, 0x02, 0xb5, 0x02, 0xad, 0x01, 0x00, 0x00, 
  0x00, 0x00, 0x6b, 0x01, 0xb5, 0x02, 0xb5, 0x02, 0xb5, 0x02, 0xb5, 0x02, 0xb5, 0x02, 0xb5, 0x02, 0xb5, 0x02, 0xb5, 0x02, 0xb5, 0x02, 0xb5, 0x02, 0xb5, 0x02, 0xb5, 0x02, 0xb5, 0x02, 0xb5, 0x02, 0xb5, 0x02, 0xb5, 0x02, 0xb5, 0x02, 0x7f, 0xef, 0xff, 0xff, 0xff, 0xff, 0xff, 0xff, 0x97, 0x33, 0x7f, 0xef, 0xff, 0xff, 0xff, 0xff, 0xff, 0xff, 0xff, 0xff, 0x7f, 0xe7, 0x77, 0x23, 0xb5, 0x02, 0xb5, 0x02, 0xb5, 0x02, 0xb5, 0x02, 0xb5, 0x02, 0xb5, 0x02, 0xb5, 0x02, 0xb5, 0x02, 0xb5, 0x02, 0xe7, 0x00, 0x00, 0x00, 
  0x00, 0x00, 0xa5, 0x00, 0xb5, 0x02, 0xb5, 0x02, 0xb5, 0x02, 0xb5, 0x02, 0xb5, 0x02, 0xb5, 0x02, 0xb5, 0x02, 0xb5, 0x02, 0xb5, 0x02, 0xb5, 0x02, 0xb5, 0x02, 0xb5, 0x02, 0xb5, 0x02, 0xb5, 0x02, 0xb5, 0x02, 0xb5, 0x02, 0xb5, 0x02, 0x7f, 0xef, 0xff, 0xff, 0xff, 0xff, 0xff, 0xff, 0x9f, 0xef, 0xff, 0xff, 0xff, 0xff, 0xff, 0xff, 0xff, 0xff, 0x5e, 0xe7, 0x77, 0x23, 0xb5, 0x02, 0xb5, 0x02, 0xb5, 0x02, 0xb5, 0x02, 0xb5, 0x02, 0xb5, 0x02, 0xb5, 0x02, 0xb5, 0x02, 0xb5, 0x02, 0xb5, 0x02, 0x21, 0x00, 0x00, 0x00, 
  0x00, 0x00, 0x21, 0x00, 0x73, 0x02, 0xb5, 0x02, 0xb5, 0x02, 0xb5, 0x02, 0xb5, 0x02, 0xb5, 0x02, 0xb5, 0x02, 0xb5, 0x02, 0xb5, 0x02, 0xb5, 0x02, 0xb5, 0x02, 0xb5, 0x02, 0xb5, 0x02, 0xb5, 0x02, 0xb5, 0x02, 0xb5, 0x02, 0xb5, 0x02, 0x7f, 0xef, 0xff, 0xff, 0xff, 0xff, 0xff, 0xff, 0xff, 0xff, 0xff, 0xff, 0xff, 0xff, 0xff, 0xff, 0x5e, 0xdf, 0x57, 0x23, 0xb5, 0x02, 0xb5, 0x02, 0xb5, 0x02, 0xb5, 0x02, 0xb5, 0x02, 0xb5, 0x02, 0xb5, 0x02, 0xb5, 0x02, 0xb5, 0x02, 0xb5, 0x02, 0xef, 0x01, 0x00, 0x00, 0x00, 0x00, 
  0x00, 0x00, 0x00, 0x00, 0x8c, 0x01, 0xb5, 0x02, 0xb5, 0x02, 0xb5, 0x02, 0xb5, 0x02, 0xb5, 0x02, 0xb5, 0x02, 0xb5, 0x02, 0xb5, 0x02, 0xb5, 0x02, 0xb5, 0x02, 0xb5, 0x02, 0xb5, 0x02, 0xb5, 0x02, 0xb5, 0x02, 0xb5, 0x02, 0xb5, 0x02, 0x7f, 0xef, 0xff, 0xff, 0xff, 0xff, 0xff, 0xff, 0xff, 0xff, 0xff, 0xff, 0xff, 0xff, 0x5e, 0xdf, 0x57, 0x23, 0xb5, 0x02, 0xb5, 0x02, 0xb5, 0x02, 0xb5, 0x02, 0xb5, 0x02, 0xb5, 0x02, 0xb5, 0x02, 0xb5, 0x02, 0xb5, 0x02, 0xb5, 0x02, 0xb5, 0x02, 0xe7, 0x00, 0x00, 0x00, 0x00, 0x00, 
  0x00, 0x00, 0x00, 0x00, 0x63, 0x00, 0xb5, 0x02, 0xb5, 0x02, 0xb5, 0x02, 0xb5, 0x02, 0xb5, 0x02, 0xb5, 0x02, 0xb5, 0x02, 0xb5, 0x02, 0xb5, 0x02, 0xb5, 0x02, 0xb5, 0x02, 0xb5, 0x02, 0xb5, 0x02, 0xb5, 0x02, 0xb5, 0x02, 0xb5, 0x02, 0x7f, 0xef, 0xff, 0xff, 0xff, 0xff, 0xff, 0xff, 0xff, 0xff, 0xff, 0xff, 0x3e, 0xdf, 0x56, 0x1b, 0xb5, 0x02, 0xb5, 0x02, 0xb5, 0x02, 0xb5, 0x02, 0xb5, 0x02, 0xb5, 0x02, 0xb5, 0x02, 0xb5, 0x02, 0xb5, 0x02, 0xb5, 0x02, 0xb5, 0x02, 0x73, 0x02, 0x21, 0x00, 0x00, 0x00, 0x00, 0x00, 
  0x00, 0x00, 0x00, 0x00, 0x00, 0x00, 0xce, 0x01, 0xb5, 0x02, 0xb5, 0x02, 0xb5, 0x02, 0xb5, 0x02, 0xb5, 0x02, 0xb5, 0x02, 0xb5, 0x02, 0xb5, 0x02, 0xb5, 0x02, 0xb5, 0x02, 0xb5, 0x02, 0xb5, 0x02, 0xb5, 0x02, 0xb5, 0x02, 0xb5, 0x02, 0x7f, 0xef, 0xff, 0xff, 0xff, 0xff, 0xff, 0xff, 0xff, 0xff, 0x3e, 0xdf, 0x36, 0x1b, 0xb5, 0x02, 0xb5, 0x02, 0xb5, 0x02, 0xb5, 0x02, 0xb5, 0x02, 0xb5, 0x02, 0xb5, 0x02, 0xb5, 0x02, 0xb5, 0x02, 0xb5, 0x02, 0xb5, 0x02, 0xb5, 0x02, 0x4a, 0x01, 0x00, 0x00, 0x00, 0x00, 0x00, 0x00, 
  0x00, 0x00, 0x00, 0x00, 0x00, 0x00, 0x63, 0x00, 0x95, 0x02, 0xb5, 0x02, 0xb5, 0x02, 0xb5, 0x02, 0xb5, 0x02, 0xb5, 0x02, 0xb5, 0x02, 0xb5, 0x02, 0xb5, 0x02, 0xb5, 0x02, 0xb5, 0x02, 0xb5, 0x02, 0xb5, 0x02, 0xb5, 0x02, 0xb5, 0x02, 0x7f, 0xef, 0xff, 0xff, 0xff, 0xff, 0xff, 0xff, 0x1e, 0xd7, 0x36, 0x1b, 0xb5, 0x02, 0xb5, 0x02, 0xb5, 0x02, 0xb5, 0x02, 0xb5, 0x02, 0xb5, 0x02, 0xb5, 0x02, 0xb5, 0x02, 0xb5, 0x02, 0xb5, 0x02, 0xb5, 0x02, 0xb5, 0x02, 0x73, 0x02, 0x21, 0x00, 0x00, 0x00, 0x00, 0x00, 0x00, 0x00, 
  0x00, 0x00, 0x00, 0x00, 0x00, 0x00, 0x00, 0x00, 0x4a, 0x01, 0xb5, 0x02, 0xb5, 0x02, 0xb5, 0x02, 0xb5, 0x02, 0xb5, 0x02, 0xb5, 0x02, 0xb5, 0x02, 0xb5, 0x02, 0xb5, 0x02, 0xb5, 0x02, 0xb5, 0x02, 0xb5, 0x02, 0xb5, 0x02, 0xb5, 0x02, 0x7f, 0xe7, 0xff, 0xff, 0xff, 0xff, 0x1e, 0xd7, 0x36, 0x1b, 0xb5, 0x02, 0xb5, 0x02, 0xb5, 0x02, 0xb5, 0x02, 0xb5, 0x02, 0xb5, 0x02, 0xb5, 0x02, 0xb5, 0x02, 0xb5, 0x02, 0xb5, 0x02, 0xb5, 0x02, 0xb5, 0x02, 0xb5, 0x02, 0xe7, 0x00, 0x00, 0x00, 0x00, 0x00, 0x00, 0x00, 0x00, 0x00, 
  0x00, 0x00, 0x00, 0x00, 0x00, 0x00, 0x00, 0x00, 0x20, 0x00, 0x10, 0x02, 0xb5, 0x02, 0xb5, 0x02, 0xb5, 0x02, 0xb5, 0x02, 0xb5, 0x02, 0xb5, 0x02, 0xb5, 0x02, 0xb5, 0x02, 0xb5, 0x02, 0xb5, 0x02, 0xb5, 0x02, 0xb5, 0x02, 0xb5, 0x02, 0x7f, 0xef, 0xff, 0xff, 0x1e, 0xd7, 0x36, 0x1b, 0xb5, 0x02, 0xb5, 0x02, 0xb5, 0x02, 0xb5, 0x02, 0xb5, 0x02, 0xb5, 0x02, 0xb5, 0x02, 0xb5, 0x02, 0xb5, 0x02, 0xb5, 0x02, 0xb5, 0x02, 0xb5, 0x02, 0xb5, 0x02, 0xad, 0x01, 0x00, 0x00, 0x00, 0x00, 0x00, 0x00, 0x00, 0x00, 0x00, 0x00, 
  0x00, 0x00, 0x00, 0x00, 0x00, 0x00, 0x00, 0x00, 0x00, 0x00, 0x42, 0x00, 0x52, 0x02, 0xb5, 0x02, 0xb5, 0x02, 0xb5, 0x02, 0xb5, 0x02, 0xb5, 0x02, 0xb5, 0x02, 0xb5, 0x02, 0xb5, 0x02, 0xb5, 0x02, 0xb5, 0x02, 0xb5, 0x02, 0xb5, 0x02, 0x9f, 0xef, 0xfd, 0xce, 0x16, 0x13, 0xb5, 0x02, 0xb5, 0x02, 0xb5, 0x02, 0xb5, 0x02, 0xb5, 0x02, 0xb5, 0x02, 0xb5, 0x02, 0xb5, 0x02, 0xb5, 0x02, 0xb5, 0x02, 0xb5, 0x02, 0xb5, 0x02, 0xb5, 0x02, 0x10, 0x02, 0x21, 0x00, 0x00, 0x00, 0x00, 0x00, 0x00, 0x00, 0x00, 0x00, 0x00, 0x00, 
  0x00, 0x00, 0x00, 0x00, 0x00, 0x00, 0x00, 0x00, 0x00, 0x00, 0x00, 0x00, 0x63, 0x00, 0x52, 0x02, 0xb5, 0x02, 0xb5, 0x02, 0xb5, 0x02, 0xb5, 0x02, 0xb5, 0x02, 0xb5, 0x02, 0xb5, 0x02, 0xb5, 0x02, 0xb5, 0x02, 0xb5, 0x02, 0xb5, 0x02, 0x5c, 0xb6, 0x36, 0x13, 0xb5, 0x02, 0xb5, 0x02, 0xb5, 0x02, 0xb5, 0x02, 0xb5, 0x02, 0xb5, 0x02, 0xb5, 0x02, 0xb5, 0x02, 0xb5, 0x02, 0xb5, 0x02, 0xb5, 0x02, 0xb5, 0x02, 0xb5, 0x02, 0x10, 0x02, 0x21, 0x00, 0x00, 0x00, 0x00, 0x00, 0x00, 0x00, 0x00, 0x00, 0x00, 0x00, 0x00, 0x00, 
  0x00, 0x00, 0x00, 0x00, 0x00, 0x00, 0x00, 0x00, 0x00, 0x00, 0x00, 0x00, 0x00, 0x00, 0x42, 0x00, 0xef, 0x01, 0xb5, 0x02, 0xb5, 0x02, 0xb5, 0x02, 0xb5, 0x02, 0xb5, 0x02, 0xb5, 0x02, 0xb5, 0x02, 0xb5, 0x02, 0xb5, 0x02, 0xb5, 0x02, 0xd5, 0x0a, 0xb5, 0x02, 0xb5, 0x02, 0xb5, 0x02, 0xb5, 0x02, 0xb5, 0x02, 0xb5, 0x02, 0xb5, 0x02, 0xb5, 0x02, 0xb5, 0x02, 0xb5, 0x02, 0xb5, 0x02, 0xb5, 0x02, 0xb5, 0x02, 0x8c, 0x01, 0x21, 0x00, 0x00, 0x00, 0x00, 0x00, 0x00, 0x00, 0x00, 0x00, 0x00, 0x00, 0x00, 0x00, 0x00, 0x00, 
  0x00, 0x00, 0x00, 0x00, 0x00, 0x00, 0x00, 0x00, 0x00, 0x00, 0x00, 0x00, 0x00, 0x00, 0x00, 0x00, 0x00, 0x00, 0xe7, 0x00, 0x52, 0x02, 0xb5, 0x02, 0xb5, 0x02, 0xb5, 0x02, 0xb5, 0x02, 0xb5, 0x02, 0xb5, 0x02, 0xb5, 0x02, 0xb5, 0x02, 0xb5, 0x02, 0xb5, 0x02, 0xb5, 0x02, 0xb5, 0x02, 0xb5, 0x02, 0xb5, 0x02, 0xb5, 0x02, 0xb5, 0x02, 0xb5, 0x02, 0xb5, 0x02, 0xb5, 0x02, 0xb5, 0x02, 0x10, 0x02, 0xa5, 0x00, 0x00, 0x00, 0x00, 0x00, 0x00, 0x00, 0x00, 0x00, 0x00, 0x00, 0x00, 0x00, 0x00, 0x00, 0x00, 0x00, 0x00, 0x00, 
  0x00, 0x00, 0x00, 0x00, 0x00, 0x00, 0x00, 0x00, 0x00, 0x00, 0x00, 0x00, 0x00, 0x00, 0x00, 0x00, 0x00, 0x00, 0x00, 0x00, 0x21, 0x00, 0xe7, 0x00, 0xef, 0x01, 0x94, 0x02, 0xb5, 0x02, 0xb5, 0x02, 0xb5, 0x02, 0xb5, 0x02, 0xb5, 0x02, 0xb5, 0x02, 0xb5, 0x02, 0xb5, 0x02, 0xb5, 0x02, 0xb5, 0x02, 0xb5, 0x02, 0xb5, 0x02, 0xb5, 0x02, 0xb5, 0x02, 0x53, 0x02, 0x8c, 0x01, 0x84, 0x00, 0x00, 0x00, 0x00, 0x00, 0x00, 0x00, 0x00, 0x00, 0x00, 0x00, 0x00, 0x00, 0x00, 0x00, 0x00, 0x00, 0x00, 0x00, 0x00, 0x00, 0x00, 0x00, 
  0x00, 0x00, 0x00, 0x00, 0x00, 0x00, 0x00, 0x00, 0x00, 0x00, 0x00, 0x00, 0x00, 0x00, 0x00, 0x00, 0x00, 0x00, 0x00, 0x00, 0x00, 0x00, 0x00, 0x00, 0x00, 0x00, 0x21, 0x00, 0xc6, 0x00, 0x4a, 0x01, 0xce, 0x01, 0x10, 0x02, 0x32, 0x02, 0x52, 0x02, 0x52, 0x02, 0x52, 0x02, 0x31, 0x02, 0xef, 0x01, 0xad, 0x01, 0x6b, 0x01, 0xe7, 0x00, 0x63, 0x00, 0x00, 0x00, 0x00, 0x00, 0x00, 0x00, 0x00, 0x00, 0x00, 0x00, 0x00, 0x00, 0x00, 0x00, 0x00, 0x00, 0x00, 0x00, 0x00, 0x00, 0x00, 0x00, 0x00, 0x00, 0x00, 0x00, 0x00, 0x00, 
#endif
#if LV_COLOR_DEPTH == 16 && LV_COLOR_16_SWAP != 0
  /*Pixel format: Red: 5 bit, Green: 6 bit, Blue: 5 bit BUT the 2 bytes are swapped*/
  0x00, 0x00, 0x00, 0x00, 0x00, 0x00, 0x00, 0x00, 0x00, 0x00, 0x00, 0x00, 0x00, 0x00, 0x00, 0x00, 0x00, 0x00, 0x00, 0x00, 0x00, 0x00, 0x00, 0x00, 0x00, 0x00, 0x00, 0x00, 0x00, 0x21, 0x00, 0x84, 0x01, 0x08, 0x01, 0x4a, 0x01, 0xad, 0x01, 0xce, 0x01, 0xce, 0x01, 0xce, 0x01, 0xad, 0x01, 0x8c, 0x01, 0x29, 0x00, 0xe7, 0x00, 0x64, 0x00, 0x00, 0x00, 0x00, 0x00, 0x00, 0x00, 0x00, 0x00, 0x00, 0x00, 0x00, 0x00, 0x00, 0x00, 0x00, 0x00, 0x00, 0x00, 0x00, 0x00, 0x00, 0x00, 0x00, 0x00, 0x00, 0x00, 0x00, 0x00, 0x00, 
  0x00, 0x00, 0x00, 0x00, 0x00, 0x00, 0x00, 0x00, 0x00, 0x00, 0x00, 0x00, 0x00, 0x00, 0x00, 0x00, 0x00, 0x00, 0x00, 0x00, 0x00, 0x00, 0x00, 0x42, 0x01, 0x29, 0x01, 0xef, 0x02, 0x95, 0x02, 0xb5, 0x02, 0xb5, 0x02, 0xb5, 0x02, 0xb5, 0x02, 0xb5, 0x02, 0xb5, 0x02, 0xb5, 0x02, 0xb5, 0x02, 0xb5, 0x02, 0xb5, 0x02, 0xb5, 0x02, 0xb5, 0x02, 0x94, 0x01, 0xef, 0x01, 0x08, 0x00, 0x21, 0x00, 0x00, 0x00, 0x00, 0x00, 0x00, 0x00, 0x00, 0x00, 0x00, 0x00, 0x00, 0x00, 0x00, 0x00, 0x00, 0x00, 0x00, 0x00, 0x00, 0x00, 0x00, 
  0x00, 0x00, 0x00, 0x00, 0x00, 0x00, 0x00, 0x00, 0x00, 0x00, 0x00, 0x00, 0x00, 0x00, 0x00, 0x00, 0x00, 0x00, 0x00, 0x84, 0x01, 0xce, 0x02, 0xb5, 0x02, 0xb5, 0x02, 0xb5, 0x02, 0xb5, 0x02, 0xb5, 0x02, 0xb5, 0x02, 0xb5, 0x02, 0xb5, 0x02, 0xb5, 0x02, 0xb5, 0x02, 0xb5, 0x02, 0xb5, 0x02, 0xb5, 0x02, 0xb5, 0x02, 0xb5, 0x02, 0xb5, 0x02, 0xb5, 0x02, 0xb5, 0x02, 0xb5, 0x02, 0x94, 0x01, 0x8c, 0x00, 0x42, 0x00, 0x00, 0x00, 0x00, 0x00, 0x00, 0x00, 0x00, 0x00, 0x00, 0x00, 0x00, 0x00, 0x00, 0x00, 0x00, 0x00, 0x00, 
  0x00, 0x00, 0x00, 0x00, 0x00, 0x00, 0x00, 0x00, 0x00, 0x00, 0x00, 0x00, 0x00, 0x00, 0x00, 0x21, 0x01, 0x8c, 0x02, 0xb5, 0x02, 0xb5, 0x02, 0xb5, 0x02, 0xb5, 0x02, 0xb5, 0x02, 0xb5, 0x02, 0xb5, 0x02, 0xb5, 0x02, 0xb5, 0x02, 0xb5, 0x02, 0xb5, 0x02, 0xb5, 0x02, 0xb5, 0x02, 0xb5, 0x02, 0xb5, 0x02, 0xb5, 0x02, 0xb5, 0x02, 0xb5, 0x02, 0xb5, 0x02, 0xb5, 0x02, 0xb5, 0x02, 0xb5, 0x02, 0xb5, 0x02, 0x94, 0x00, 0xe7, 0x00, 0x00, 0x00, 0x00, 0x00, 0x00, 0x00, 0x00, 0x00, 0x00, 0x00, 0x00, 0x00, 0x00, 0x00, 0x00, 
  0x00, 0x00, 0x00, 0x00, 0x00, 0x00, 0x00, 0x00, 0x00, 0x00, 0x00, 0x00, 0x00, 0x63, 0x02, 0x52, 0x02, 0xb5, 0x02, 0xb5, 0x02, 0xb5, 0x02, 0xb5, 0x02, 0xb5, 0x02, 0xb5, 0x02, 0xb5, 0x02, 0xb5, 0x02, 0xb5, 0x02, 0xb5, 0x02, 0xb5, 0x54, 0x79, 0x02, 0xb5, 0x02, 0xb5, 0x02, 0xb5, 0x02, 0xb5, 0x02, 0xb5, 0x02, 0xb5, 0x02, 0xb5, 0x02, 0xb5, 0x02, 0xb5, 0x02, 0xb5, 0x02, 0xb5, 0x02, 0xb5, 0x02, 0xb5, 0x02, 0xb5, 0x01, 0x8c, 0x00, 0x00, 0x00, 0x00, 0x00, 0x00, 0x00, 0x00, 0x00, 0x00, 0x00, 0x00, 0x00, 0x00, 
  0x00, 0x00, 0x00, 0x00, 0x00, 0x00, 0x00, 0x00, 0x00, 0x00, 0x00, 0xa5, 0x02, 0x94, 0x02, 0xb5, 0x02, 0xb5, 0x02, 0xb5, 0x02, 0xb5, 0x02, 0xb5, 0x02, 0xb5, 0x02, 0xb5, 0x02, 0xb5, 0x02, 0xb5, 0x02, 0xb5, 0x02, 0xb5, 0x02, 0xb5, 0xef, 0x7f, 0x74, 0xfa, 0x02, 0xb5, 0x02, 0xb5, 0x02, 0xb5, 0x02, 0xb5, 0x02, 0xb5, 0x02, 0xb5, 0x02, 0xb5, 0x02, 0xb5, 0x02, 0xb5, 0x02, 0xb5, 0x02, 0xb5, 0x02, 0xb5, 0x02, 0xb5, 0x02, 0xb5, 0x01, 0x8c, 0x00, 0x00, 0x00, 0x00, 0x00, 0x00, 0x00, 0x00, 0x00, 0x00, 0x00, 0x00, 
  0x00, 0x00, 0x00, 0x00, 0x00, 0x00, 0x00, 0x00, 0x00, 0x64, 0x02, 0x94, 0x02, 0xb5, 0x02, 0xb5, 0x02, 0xb5, 0x02, 0xb5, 0x02, 0xb5, 0x02, 0xb5, 0x02, 0xb5, 0x02, 0xb5, 0x02, 0xb5, 0x02, 0xb5, 0x02, 0xb5, 0x02, 0xb5, 0x02, 0xb5, 0xe7, 0x7f, 0xff, 0xff, 0x7d, 0x5a, 0x02, 0xb5, 0x02, 0xb5, 0x02, 0xb5, 0x02, 0xb5, 0x02, 0xb5, 0x02, 0xb5, 0x02, 0xb5, 0x02, 0xb5, 0x02, 0xb5, 0x02, 0xb5, 0x02, 0xb5, 0x02, 0xb5, 0x02, 0xb5, 0x02, 0xb5, 0x01, 0x29, 0x00, 0x00, 0x00, 0x00, 0x00, 0x00, 0x00, 0x00, 0x00, 0x00, 
  0x00, 0x00, 0x00, 0x00, 0x00, 0x00, 0x00, 0x21, 0x02, 0x52, 0x02, 0xb5, 0x02, 0xb5, 0x02, 0xb5, 0x02, 0xb5, 0x02, 0xb5, 0x02, 0xb5, 0x02, 0xb5, 0x02, 0xb5, 0x02, 0xb5, 0x02, 0xb5, 0x02, 0xb5, 0x02, 0xb5, 0x02, 0xb5, 0x02, 0xb5, 0xe7, 0x7f, 0xff, 0xff, 0xff, 0xff, 0x85, 0x5a, 0x02, 0xb5, 0x02, 0xb5, 0x02, 0xb5, 0x02, 0xb5, 0x02, 0xb5, 0x02, 0xb5, 0x02, 0xb5, 0x02, 0xb5, 0x02, 0xb5, 0x02, 0xb5, 0x02, 0xb5, 0x02, 0xb5, 0x02, 0xb5, 0x02, 0xb5, 0x00, 0x84, 0x00, 0x00, 0x00, 0x00, 0x00, 0x00, 0x00, 0x00, 
  0x00, 0x00, 0x00, 0x00, 0x00, 0x00, 0x01, 0x8c, 0x02, 0xb5, 0x02, 0xb5, 0x02, 0xb5, 0x02, 0xb5, 0x02, 0xb5, 0x02, 0xb5, 0x02, 0xb5, 0x02, 0xb5, 0x02, 0xb5, 0x02, 0xb5, 0x02, 0xb5, 0x02, 0xb5, 0x02, 0xb5, 0x02, 0xb5, 0x02, 0xb5, 0xef, 0x7f, 0xff, 0xff, 0xff, 0xff, 0xff, 0xff, 0x95, 0x9b, 0x02, 0xb5, 0x02, 0xb5, 0x02, 0xb5, 0x02, 0xb5, 0x02, 0xb5, 0x02, 0xb5, 0x02, 0xb5, 0x02, 0xb5, 0x02, 0xb5, 0x02, 0xb5, 0x02, 0xb5, 0x02, 0xb5, 0x02, 0xb5, 0x02, 0x10, 0x00, 0x00, 0x00, 0x00, 0x00, 0x00, 0x00, 0x00, 
  0x00, 0x00, 0x00, 0x00, 0x00, 0x63, 0x02, 0xb5, 0x02, 0xb5, 0x02, 0xb5, 0x02, 0xb5, 0x02, 0xb5, 0x02, 0xb5, 0x02, 0xb5, 0x02, 0xb5, 0x02, 0xb5, 0x02, 0xb5, 0x02, 0xb5, 0x02, 0xb5, 0x02, 0xb5, 0x02, 0xb5, 0x02, 0xb5, 0x02, 0xb5, 0xef, 0x7f, 0xff, 0xff, 0xff, 0xff, 0xff, 0xff, 0xff, 0xff, 0x95, 0xbb, 0x02, 0xb5, 0x02, 0xb5, 0x02, 0xb5, 0x02, 0xb5, 0x02, 0xb5, 0x02, 0xb5, 0x02, 0xb5, 0x02, 0xb5, 0x02, 0xb5, 0x02, 0xb5, 0x02, 0xb5, 0x02, 0xb5, 0x02, 0xb5, 0x00, 0xe7, 0x00, 0x00, 0x00, 0x00, 0x00, 0x00, 
  0x00, 0x00, 0x00, 0x00, 0x01, 0xad, 0x02, 0xb5, 0x02, 0xb5, 0x02, 0xb5, 0x02, 0xb5, 0x02, 0xb5, 0x02, 0xb5, 0x02, 0xb5, 0x02, 0xb5, 0x02, 0xb5, 0x02, 0xb5, 0x02, 0xb5, 0x02, 0xb5, 0x02, 0xb5, 0x02, 0xb5, 0x02, 0xb5, 0x02, 0xb5, 0xef, 0x7f, 0xff, 0xff, 0xff, 0xff, 0xff, 0xff, 0xff, 0xff, 0xff, 0xff, 0x9d, 0xdc, 0x0a, 0xd5, 0x02, 0xb5, 0x02, 0xb5, 0x02, 0xb5, 0x02, 0xb5, 0x02, 0xb5, 0x02, 0xb5, 0x02, 0xb5, 0x02, 0xb5, 0x02, 0xb5, 0x02, 0xb5, 0x02, 0xb5, 0x02, 0x10, 0x00, 0x00, 0x00, 0x00, 0x00, 0x00, 
  0x00, 0x00, 0x00, 0x21, 0x02, 0x94, 0x02, 0xb5, 0x02, 0xb5, 0x02, 0xb5, 0x02, 0xb5, 0x02, 0xb5, 0x02, 0xb5, 0x02, 0xb5, 0x02, 0xb5, 0x02, 0xb5, 0x02, 0xb5, 0x02, 0xb5, 0x02, 0xb5, 0x02, 0xb5, 0x02, 0xb5, 0x02, 0xb5, 0x02, 0xb5, 0xef, 0x7f, 0xff, 0xff, 0xff, 0xff, 0xff, 0xff, 0xff, 0xff, 0xff, 0xff, 0xff, 0xff, 0xa6, 0x1c, 0x0a, 0xd6, 0x02, 0xb5, 0x02, 0xb5, 0x02, 0xb5, 0x02, 0xb5, 0x02, 0xb5, 0x02, 0xb5, 0x02, 0xb5, 0x02, 0xb5, 0x02, 0xb5, 0x02, 0xb5, 0x02, 0xb5, 0x00, 0x83, 0x00, 0x00, 0x00, 0x00, 
  0x00, 0x00, 0x00, 0xe7, 0x02, 0xb5, 0x02, 0xb5, 0x02, 0xb5, 0x02, 0xb5, 0x02, 0xb5, 0x02, 0xb5, 0x02, 0xb5, 0x02, 0xb5, 0x02, 0xb5, 0x02, 0xb5, 0x02, 0xb5, 0x02, 0xb5, 0x02, 0xb5, 0x02, 0xb5, 0x02, 0xb5, 0x02, 0xb5, 0x02, 0xb5, 0xef, 0x7f, 0xff, 0xff, 0xff, 0xff, 0xff, 0xff, 0xff, 0xff, 0xff, 0xff, 0xff, 0xff, 0xff, 0xff, 0xae, 0x3c, 0x0a, 0xd5, 0x02, 0xb5, 0x02, 0xb5, 0x02, 0xb5, 0x02, 0xb5, 0x02, 0xb5, 0x02, 0xb5, 0x02, 0xb5, 0x02, 0xb5, 0x02, 0xb5, 0x02, 0xb5, 0x01, 0x6b, 0x00, 0x00, 0x00, 0x00, 
  0x00, 0x00, 0x01, 0xad, 0x02, 0xb5, 0x02, 0xb5, 0x02, 0xb5, 0x02, 0xb5, 0x02, 0xb5, 0x02, 0xb5, 0x02, 0xb5, 0x02, 0xb5, 0x02, 0xb5, 0x02, 0xb5, 0x02, 0xb5, 0x02, 0xb5, 0x02, 0xb5, 0x02, 0xb5, 0x02, 0xb5, 0x02, 0xb5, 0x02, 0xb5, 0xef, 0x7f, 0xff, 0xff, 0xff, 0xff, 0xff, 0xff, 0xef, 0x9f, 0xff, 0xff, 0xff, 0xff, 0xff, 0xff, 0xff, 0xff, 0xb6, 0x5c, 0x0a, 0xf6, 0x02, 0xb5, 0x02, 0xb5, 0x02, 0xb5, 0x02, 0xb5, 0x02, 0xb5, 0x02, 0xb5, 0x02, 0xb5, 0x02, 0xb5, 0x02, 0xb5, 0x02, 0x31, 0x00, 0x00, 0x00, 0x00, 
  0x00, 0x00, 0x02, 0x31, 0x02, 0xb5, 0x02, 0xb5, 0x02, 0xb5, 0x02, 0xb5, 0x02, 0xb5, 0x02, 0xb5, 0x02, 0xb5, 0x02, 0xb5, 0x02, 0xb5, 0x02, 0xb5, 0x02, 0xb5, 0x02, 0xb5, 0x02, 0xb5, 0x02, 0xb5, 0x02, 0xb5, 0x02, 0xb5, 0x02, 0xb5, 0xef, 0x7f, 0xff, 0xff, 0xff, 0xff, 0xff, 0xff, 0x33, 0xb7, 0xef, 0x9f, 0xff, 0xff, 0xff, 0xff, 0xff, 0xff, 0xff, 0xff, 0xbe, 0x9d, 0x0a, 0xf6, 0x02, 0xb5, 0x02, 0xb5, 0x02, 0xb5, 0x02, 0xb5, 0x02, 0xb5, 0x02, 0xb5, 0x02, 0xb5, 0x02, 0xb5, 0x02, 0xb5, 0x00, 0x42, 0x00, 0x00, 
  0x00, 0x00, 0x02, 0x94, 0x02, 0xb5, 0x02, 0xb5, 0x02, 0xb5, 0x02, 0xb5, 0x02, 0xb5, 0x02, 0xb5, 0x02, 0xb5, 0x02, 0xb5, 0x54, 0x58, 0x3b, 0xf8, 0x02, 0xb5, 0x02, 0xb5, 0x02, 0xb5, 0x02, 0xb5, 0x02, 0xb5, 0x02, 0xb5, 0x02, 0xb5, 0xef, 0x7f, 0xff, 0xff, 0xff, 0xff, 0xff, 0xff, 0x0a, 0xd6, 0x33, 0xb7, 0xef, 0x9f, 0xff, 0xff, 0xff, 0xff, 0xff, 0xff, 0xff, 0xff, 0xc6, 0x9d, 0x12, 0xf6, 0x02, 0xb5, 0x02, 0xb5, 0x02, 0xb5, 0x02, 0xb5, 0x02, 0xb5, 0x02, 0xb5, 0x02, 0xb5, 0x02, 0xb5, 0x00, 0xe7, 0x00, 0x00, 
  0x00, 0x42, 0x02, 0xb5, 0x02, 0xb5, 0x02, 0xb5, 0x02, 0xb5, 0x02, 0xb5, 0x02, 0xb5, 0x02, 0xb5, 0x02, 0xb5, 0x54, 0x58, 0xff, 0xff, 0xf7, 0xbf, 0x43, 0xf7, 0x02, 0xb5, 0x02, 0xb5, 0x02, 0xb5, 0x02, 0xb5, 0x02, 0xb5, 0x02, 0xb5, 0xef, 0x7f, 0xff, 0xff, 0xff, 0xff, 0xff, 0xff, 0x0a, 0xd6, 0x02, 0xb5, 0x33, 0xb7, 0xef, 0x9f, 0xff, 0xff, 0xff, 0xff, 0xff, 0xff, 0xff, 0xff, 0xce, 0xdd, 0x12, 0xf6, 0x02, 0xb5, 0x02, 0xb5, 0x02, 0xb5, 0x02, 0xb5, 0x02, 0xb5, 0x02, 0xb5, 0x02, 0xb5, 0x01, 0x6c, 0x00, 0x00, 
  0x00, 0x84, 0x02, 0xb5, 0x02, 0xb5, 0x02, 0xb5, 0x02, 0xb5, 0x02, 0xb5, 0x02, 0xb5, 0x02, 0xb5, 0x5c, 0x99, 0xff, 0xff, 0xff, 0xff, 0xff, 0xff, 0xf7, 0xdf, 0x44, 0x18, 0x02, 0xb5, 0x02, 0xb5, 0x02, 0xb5, 0x02, 0xb5, 0x02, 0xb5, 0xef, 0x7f, 0xff, 0xff, 0xff, 0xff, 0xff, 0xff, 0x0a, 0xd5, 0x02, 0xb5, 0x02, 0xb5, 0x33, 0xb7, 0xef, 0x9f, 0xff, 0xff, 0xff, 0xff, 0xff, 0xff, 0xff, 0xff, 0xce, 0xdd, 0x13, 0x16, 0x02, 0xb5, 0x02, 0xb5, 0x02, 0xb5, 0x02, 0xb5, 0x02, 0xb5, 0x02, 0xb5, 0x02, 0x10, 0x00, 0x00, 
  0x00, 0xa5, 0x02, 0xb5, 0x02, 0xb5, 0x02, 0xb5, 0x02, 0xb5, 0x02, 0xb5, 0x02, 0xb5, 0x0a, 0xd5, 0xce, 0xfe, 0xff, 0xff, 0xff, 0xff, 0xff, 0xff, 0xff, 0xff, 0xff, 0xdf, 0x44, 0x18, 0x02, 0xb5, 0x02, 0xb5, 0x02, 0xb5, 0x02, 0xb5, 0xef, 0x7f, 0xff, 0xff, 0xff, 0xff, 0xff, 0xff, 0x0a, 0xd5, 0x02, 0xb5, 0x02, 0xb5, 0x02, 0xb5, 0x64, 0xb9, 0xff, 0xff, 0xff, 0xff, 0xff, 0xff, 0xff, 0xff, 0xff, 0xff, 0x85, 0x5a, 0x02, 0xb5, 0x02, 0xb5, 0x02, 0xb5, 0x02, 0xb5, 0x02, 0xb5, 0x02, 0xb5, 0x02, 0x73, 0x00, 0x00, 
  0x00, 0xe7, 0x02, 0xb5, 0x02, 0xb5, 0x02, 0xb5, 0x02, 0xb5, 0x02, 0xb5, 0x02, 0xb5, 0x02, 0xb5, 0x1b, 0x36, 0xce, 0xfe, 0xff, 0xff, 0xff, 0xff, 0xff, 0xff, 0xff, 0xff, 0xff, 0xdf, 0x4c, 0x38, 0x02, 0xb5, 0x02, 0xb5, 0x02, 0xb5, 0xef, 0x7f, 0xff, 0xff, 0xff, 0xff, 0xff, 0xff, 0x0a, 0xd5, 0x02, 0xb5, 0x02, 0xb5, 0x3b, 0xd8, 0xf7, 0xbf, 0xff, 0xff, 0xff, 0xff, 0xff, 0xff, 0xff, 0xff, 0x9d, 0xfc, 0x0a, 0xd5, 0x02, 0xb5, 0x02, 0xb5, 0x02, 0xb5, 0x02, 0xb5, 0x02, 0xb5, 0x02, 0xb5, 0x02, 0xb5, 0x00, 0x42, 
  0x01, 0x08, 0x02, 0xb5, 0x02, 0xb5, 0x02, 0xb5, 0x02, 0xb5, 0x02, 0xb5, 0x02, 0xb5, 0x02, 0xb5, 0x02, 0xb5, 0x13, 0x16, 0xce, 0xfe, 0xff, 0xff, 0xff, 0xff, 0xff, 0xff, 0xff, 0xff, 0xff, 0xdf, 0x4c, 0x38, 0x02, 0xb5, 0x02, 0xb6, 0xef, 0x7f, 0xff, 0xff, 0xff, 0xff, 0xff, 0xff, 0x0a, 0xd6, 0x02, 0xb5, 0x3b, 0xd8, 0xf7, 0xbf, 0xff, 0xff, 0xff, 0xff, 0xff, 0xff, 0xff, 0xff, 0x9d, 0xfc, 0x0a, 0xd5, 0x02, 0xb5, 0x02, 0xb5, 0x02, 0xb5, 0x02, 0xb5, 0x02, 0xb5, 0x02, 0xb5, 0x02, 0xb5, 0x02, 0xb5, 0x00, 0xa5, 
  0x01, 0x4a, 0x02, 0xb5, 0x02, 0xb5, 0x02, 0xb5, 0x02, 0xb5, 0x02, 0xb5, 0x02, 0xb5, 0x02, 0xb5, 0x02, 0xb5, 0x02, 0xb5, 0x13, 0x16, 0xc6, 0xdd, 0xff, 0xff, 0xff, 0xff, 0xff, 0xff, 0xff, 0xff, 0xff, 0xdf, 0x54, 0x59, 0x02, 0xb6, 0xef, 0x7f, 0xff, 0xff, 0xff, 0xff, 0xff, 0xff, 0x0a, 0xd6, 0x43, 0xf8, 0xf7, 0xbf, 0xff, 0xff, 0xff, 0xff, 0xff, 0xff, 0xff, 0xff, 0x95, 0xdb, 0x0a, 0xd5, 0x02, 0xb5, 0x02, 0xb5, 0x02, 0xb5, 0x02, 0xb5, 0x02, 0xb5, 0x02, 0xb5, 0x02, 0xb5, 0x02, 0xb5, 0x02, 0xb5, 0x00, 0xe7, 
  0x01, 0x6b, 0x02, 0xb5, 0x02, 0xb5, 0x02, 0xb5, 0x02, 0xb5, 0x02, 0xb5, 0x02, 0xb5, 0x02, 0xb5, 0x02, 0xb5, 0x02, 0xb5, 0x02, 0xb5, 0x12, 0xf6, 0xc6, 0xdd, 0xff, 0xff, 0xff, 0xff, 0xff, 0xff, 0xff, 0xff, 0xff, 0xff, 0x54, 0x58, 0xef, 0x7f, 0xff, 0xff, 0xff, 0xff, 0xff, 0xff, 0x44, 0x18, 0xf7, 0xdf, 0xff, 0xff, 0xff, 0xff, 0xff, 0xff, 0xff, 0xff, 0x95, 0xdb, 0x02, 0xb5, 0x02, 0xb5, 0x02, 0xb5, 0x02, 0xb5, 0x02, 0xb5, 0x02, 0xb5, 0x02, 0xb5, 0x02, 0xb5, 0x02, 0xb5, 0x02, 0xb5, 0x02, 0xb5, 0x01, 0x4a, 
  0x01, 0x8c, 0x02, 0xb5, 0x02, 0xb5, 0x02, 0xb5, 0x02, 0xb5, 0x02, 0xb5, 0x02, 0xb5, 0x02, 0xb5, 0x02, 0xb5, 0x02, 0xb5, 0x02, 0xb5, 0x02, 0xb5, 0x13, 0x16, 0xc6, 0xbd, 0xff, 0xff, 0xff, 0xff, 0xff, 0xff, 0xff, 0xff, 0xff, 0xff, 0xff, 0xff, 0xff, 0xff, 0xff, 0xff, 0xff, 0xff, 0xff, 0xdf, 0xff, 0xff, 0xff, 0xff, 0xff, 0xff, 0xff, 0xff, 0x95, 0xbb, 0x02, 0xd5, 0x02, 0xb5, 0x02, 0xb5, 0x02, 0xb5, 0x02, 0xb5, 0x02, 0xb5, 0x02, 0xb5, 0x02, 0xb5, 0x02, 0xb5, 0x02, 0xb5, 0x02, 0xb5, 0x02, 0xb5, 0x01, 0x8c, 
  0x01, 0xce, 0x02, 0xb5, 0x02, 0xb5, 0x02, 0xb5, 0x02, 0xb5, 0x02, 0xb5, 0x02, 0xb5, 0x02, 0xb5, 0x02, 0xb5, 0x02, 0xb5, 0x02, 0xb5, 0x02, 0xb5, 0x02, 0xb5, 0x12, 0xf6, 0xbe, 0xbd, 0xff, 0xff, 0xff, 0xff, 0xff, 0xff, 0xff, 0xff, 0xff, 0xff, 0xff, 0xff, 0xff, 0xff, 0xff, 0xff, 0xff, 0xff, 0xff, 0xff, 0xff, 0xff, 0xff, 0xff, 0x8d, 0x9b, 0x02, 0xb5, 0x02, 0xb5, 0x02, 0xb5, 0x02, 0xb5, 0x02, 0xb5, 0x02, 0xb5, 0x02, 0xb5, 0x02, 0xb5, 0x02, 0xb5, 0x02, 0xb5, 0x02, 0xb5, 0x02, 0xb5, 0x02, 0xb5, 0x01, 0xce, 
  0x01, 0xcf, 0x02, 0xb5, 0x02, 0xb5, 0x02, 0xb5, 0x02, 0xb5, 0x02, 0xb5, 0x02, 0xb5, 0x02, 0xb5, 0x02, 0xb5, 0x02, 0xb5, 0x02, 0xb5, 0x02, 0xb5, 0x02, 0xb5, 0x02, 0xb5, 0x12, 0xf6, 0xbe, 0x9d, 0xff, 0xff, 0xff, 0xff, 0xff, 0xff, 0xff, 0xff, 0xff, 0xff, 0xff, 0xff, 0xff, 0xff, 0xff, 0xff, 0xff, 0xff, 0xff, 0xff, 0x8d, 0x9b, 0x02, 0xb5, 0x02, 0xb5, 0x02, 0xb5, 0x02, 0xb5, 0x02, 0xb5, 0x02, 0xb5, 0x02, 0xb5, 0x02, 0xb5, 0x02, 0xb5, 0x02, 0xb5, 0x02, 0xb5, 0x02, 0xb5, 0x02, 0xb5, 0x02, 0xb5, 0x01, 0xef, 
  0x01, 0xef, 0x02, 0xb5, 0x02, 0xb5, 0x02, 0xb5, 0x02, 0xb5, 0x02, 0xb5, 0x02, 0xb5, 0x02, 0xb5, 0x02, 0xb5, 0x02, 0xb5, 0x02, 0xb5, 0x02, 0xb5, 0x02, 0xb5, 0x02, 0xb5, 0x02, 0xb5, 0x0a, 0xd6, 0xbe, 0x7d, 0xff, 0xff, 0xff, 0xff, 0xff, 0xff, 0xff, 0xff, 0xff, 0xff, 0xff, 0xff, 0xff, 0xff, 0xff, 0xff, 0x85, 0x7b, 0x02, 0xb5, 0x02, 0xb5, 0x02, 0xb5, 0x02, 0xb5, 0x02, 0xb5, 0x02, 0xb5, 0x02, 0xb5, 0x02, 0xb5, 0x02, 0xb5, 0x02, 0xb5, 0x02, 0xb5, 0x02, 0xb5, 0x02, 0xb5, 0x02, 0xb5, 0x02, 0xb5, 0x02, 0x10, 
  0x01, 0xef, 0x02, 0xb5, 0x02, 0xb5, 0x02, 0xb5, 0x02, 0xb5, 0x02, 0xb5, 0x02, 0xb5, 0x02, 0xb5, 0x02, 0xb5, 0x02, 0xb5, 0x02, 0xb5, 0x02, 0xb5, 0x02, 0xb5, 0x02, 0xb5, 0x02, 0xb5, 0x02, 0xb5, 0x0a, 0xf6, 0xb6, 0x7d, 0xff, 0xff, 0xff, 0xff, 0xff, 0xff, 0xff, 0xff, 0xff, 0xff, 0xff, 0xff, 0x85, 0x5a, 0x02, 0xb5, 0x02, 0xb5, 0x02, 0xb5, 0x02, 0xb5, 0x02, 0xb5, 0x02, 0xb5, 0x02, 0xb5, 0x02, 0xb5, 0x02, 0xb5, 0x02, 0xb5, 0x02, 0xb5, 0x02, 0xb5, 0x02, 0xb5, 0x02, 0xb5, 0x02, 0xb5, 0x02, 0xb5, 0x02, 0x31, 
  0x01, 0xef, 0x02, 0xb5, 0x02, 0xb5, 0x02, 0xb5, 0x02, 0xb5, 0x02, 0xb5, 0x02, 0xb5, 0x02, 0xb5, 0x02, 0xb5, 0x02, 0xb5, 0x02, 0xb5, 0x02, 0xb5, 0x02, 0xb5, 0x02, 0xb5, 0x02, 0xb5, 0x02, 0xb5, 0x02, 0xb5, 0x74, 0xfa, 0xff, 0xff, 0xff, 0xff, 0xff, 0xff, 0xff, 0xff, 0xff, 0xff, 0xff, 0xff, 0x64, 0xb9, 0x02, 0xb5, 0x02, 0xb5, 0x02, 0xb5, 0x02, 0xb5, 0x02, 0xb5, 0x02, 0xb5, 0x02, 0xb5, 0x02, 0xb5, 0x02, 0xb5, 0x02, 0xb5, 0x02, 0xb5, 0x02, 0xb5, 0x02, 0xb5, 0x02, 0xb5, 0x02, 0xb5, 0x02, 0xb5, 0x02, 0x52, 
  0x01, 0xef, 0x02, 0xb5, 0x02, 0xb5, 0x02, 0xb5, 0x02, 0xb5, 0x02, 0xb5, 0x02, 0xb5, 0x02, 0xb5, 0x02, 0xb5, 0x02, 0xb5, 0x02, 0xb5, 0x02, 0xb5, 0x02, 0xb5, 0x02, 0xb5, 0x02, 0xb5, 0x02, 0xb5, 0x74, 0xfa, 0xff, 0xff, 0xff, 0xff, 0xff, 0xff, 0xff, 0xff, 0xff, 0xff, 0xff, 0xff, 0xff, 0xff, 0xff, 0xff, 0x6c, 0xda, 0x02, 0xb5, 0x02, 0xb5, 0x02, 0xb5, 0x02, 0xb5, 0x02, 0xb5, 0x02, 0xb5, 0x02, 0xb5, 0x02, 0xb5, 0x02, 0xb5, 0x02, 0xb5, 0x02, 0xb5, 0x02, 0xb5, 0x02, 0xb5, 0x02, 0xb5, 0x02, 0xb5, 0x02, 0x52, 
  0x01, 0xef, 0x02, 0xb5, 0x02, 0xb5, 0x02, 0xb5, 0x02, 0xb5, 0x02, 0xb5, 0x02, 0xb5, 0x02, 0xb5, 0x02, 0xb5, 0x02, 0xb5, 0x02, 0xb5, 0x02, 0xb5, 0x02, 0xb5, 0x02, 0xb5, 0x02, 0xb5, 0x74, 0xfa, 0xff, 0xff, 0xff, 0xff, 0xff, 0xff, 0xff, 0xff, 0xff, 0xff, 0xff, 0xff, 0xff, 0xff, 0xff, 0xff, 0xff, 0xff, 0xff, 0xff, 0x6c, 0xfa, 0x02, 0xb5, 0x02, 0xb5, 0x02, 0xb5, 0x02, 0xb5, 0x02, 0xb5, 0x02, 0xb5, 0x02, 0xb5, 0x02, 0xb5, 0x02, 0xb5, 0x02, 0xb5, 0x02, 0xb5, 0x02, 0xb5, 0x02, 0xb5, 0x02, 0xb5, 0x02, 0x52, 
  0x01, 0xef, 0x02, 0xb5, 0x02, 0xb5, 0x02, 0xb5, 0x02, 0xb5, 0x02, 0xb5, 0x02, 0xb5, 0x02, 0xb5, 0x02, 0xb5, 0x02, 0xb5, 0x02, 0xb5, 0x02, 0xb5, 0x02, 0xb5, 0x02, 0xb5, 0x75, 0x1a, 0xff, 0xff, 0xff, 0xff, 0xff, 0xff, 0xff, 0xff, 0xff, 0xff, 0xff, 0xff, 0xff, 0xff, 0xff, 0xff, 0xff, 0xff, 0xff, 0xff, 0xff, 0xff, 0xff, 0xff, 0x74, 0xfa, 0x02, 0xb5, 0x02, 0xb5, 0x02, 0xb5, 0x02, 0xb5, 0x02, 0xb5, 0x02, 0xb5, 0x02, 0xb5, 0x02, 0xb5, 0x02, 0xb5, 0x02, 0xb5, 0x02, 0xb5, 0x02, 0xb5, 0x02, 0xb5, 0x02, 0x11, 
  0x01, 0xef, 0x02, 0xb5, 0x02, 0xb5, 0x02, 0xb5, 0x02, 0xb5, 0x02, 0xb5, 0x02, 0xb5, 0x02, 0xb5, 0x02, 0xb5, 0x02, 0xb5, 0x02, 0xb5, 0x02, 0xb5, 0x02, 0xb5, 0x7d, 0x1a, 0xff, 0xff, 0xff, 0xff, 0xff, 0xff, 0xff, 0xff, 0xff, 0xff, 0xff, 0xff, 0xff, 0xff, 0xff, 0xff, 0xff, 0xff, 0xf7, 0xdf, 0xff, 0xff, 0xff, 0xff, 0xff, 0xff, 0xff, 0xff, 0x75, 0x1a, 0x02, 0xb5, 0x02, 0xb5, 0x02, 0xb5, 0x02, 0xb5, 0x02, 0xb5, 0x02, 0xb5, 0x02, 0xb5, 0x02, 0xb5, 0x02, 0xb5, 0x02, 0xb5, 0x02, 0xb5, 0x02, 0xb5, 0x02, 0x10, 
  0x01, 0xad, 0x02, 0xb5, 0x02, 0xb5, 0x02, 0xb5, 0x02, 0xb5, 0x02, 0xb5, 0x02, 0xb5, 0x02, 0xb5, 0x02, 0xb5, 0x02, 0xb5, 0x02, 0xb5, 0x02, 0xb5, 0x7d, 0x3a, 0xff, 0xff, 0xff, 0xff, 0xff, 0xff, 0xff, 0xff, 0xff, 0xff, 0x9d, 0xdb, 0xef, 0x9f, 0xff, 0xff, 0xff, 0xff, 0xff, 0xff, 0x44, 0x18, 0xf7, 0xbf, 0xff, 0xff, 0xff, 0xff, 0xff, 0xff, 0xff, 0xff, 0x7d, 0x3a, 0x02, 0xb5, 0x02, 0xb5, 0x02, 0xb5, 0x02, 0xb5, 0x02, 0xb5, 0x02, 0xb5, 0x02, 0xb5, 0x02, 0xb5, 0x02, 0xb5, 0x02, 0xb5, 0x02, 0xb5, 0x01, 0xce, 
  0x01, 0x8c, 0x02, 0xb5, 0x02, 0xb5, 0x02, 0xb5, 0x02, 0xb5, 0x02, 0xb5, 0x02, 0xb5, 0x02, 0xb5, 0x02, 0xb5, 0x02, 0xb5, 0x02, 0xb5, 0x7d, 0x3a, 0xff, 0xff, 0xff, 0xff, 0xff, 0xff, 0xff, 0xff, 0xff, 0xff, 0x9d, 0xfc, 0x0a, 0xd6, 0xe7, 0x7f, 0xff, 0xff, 0xff, 0xff, 0xff, 0xff, 0x0a, 0xd6, 0x44, 0x18, 0xf7, 0xbf, 0xff, 0xff, 0xff, 0xff, 0xff, 0xff, 0xff, 0xff, 0x7d, 0x3a, 0x02, 0xb5, 0x02, 0xb5, 0x02, 0xb5, 0x02, 0xb5, 0x02, 0xb5, 0x02, 0xb5, 0x02, 0xb5, 0x02, 0xb5, 0x02, 0xb5, 0x02, 0xb5, 0x01, 0x8c, 
  0x01, 0x4b, 0x02, 0xb5, 0x02, 0xb5, 0x02, 0xb5, 0x02, 0xb5, 0x02, 0xb5, 0x02, 0xb5, 0x02, 0xb5, 0x02, 0xb5, 0x02, 0xb5, 0x85, 0x5b, 0xff, 0xff, 0xff, 0xff, 0xff, 0xff, 0xff, 0xff, 0xff, 0xff, 0x95, 0xdb, 0x02, 0xb5, 0x02, 0xb6, 0xef, 0x7f, 0xff, 0xff, 0xff, 0xff, 0xff, 0xff, 0x0a, 0xd6, 0x02, 0xb5, 0x43, 0xf8, 0xf7, 0xdf, 0xff, 0xff, 0xff, 0xff, 0xff, 0xff, 0xff, 0xff, 0x85, 0x7b, 0x02, 0xb5, 0x02, 0xb5, 0x02, 0xb5, 0x02, 0xb5, 0x02, 0xb5, 0x02, 0xb5, 0x02, 0xb5, 0x02, 0xb5, 0x02, 0xb5, 0x01, 0x4a, 
  0x01, 0x08, 0x02, 0xb5, 0x02, 0xb5, 0x02, 0xb5, 0x02, 0xb5, 0x02, 0xb5, 0x02, 0xb5, 0x02, 0xb5, 0x02, 0xb5, 0x85, 0x7a, 0xff, 0xff, 0xff, 0xff, 0xff, 0xff, 0xff, 0xff, 0xff, 0xff, 0x95, 0xdc, 0x02, 0xb6, 0x02, 0xb5, 0x02, 0xb5, 0xef, 0x7f, 0xff, 0xff, 0xff, 0xff, 0xff, 0xff, 0x0a, 0xd5, 0x02, 0xb5, 0x02, 0xb6, 0x44, 0x18, 0xf7, 0xbf, 0xff, 0xff, 0xff, 0xff, 0xff, 0xff, 0xff, 0xff, 0x85, 0x7b, 0x02, 0xb5, 0x02, 0xb5, 0x02, 0xb5, 0x02, 0xb5, 0x02, 0xb5, 0x02, 0xb5, 0x02, 0xb5, 0x02, 0xb5, 0x00, 0xe7, 
  0x00, 0xc6, 0x02, 0xb5, 0x02, 0xb5, 0x02, 0xb5, 0x02, 0xb5, 0x02, 0xb5, 0x02, 0xb5, 0x02, 0xb5, 0x8d, 0x9b, 0xff, 0xff, 0xff, 0xff, 0xff, 0xff, 0xff, 0xff, 0xff, 0xff, 0x8d, 0x9b, 0x02, 0xb5, 0x02, 0xb5, 0x02, 0xb5, 0x02, 0xb5, 0xef, 0x7f, 0xff, 0xff, 0xff, 0xff, 0xff, 0xff, 0x0a, 0xd5, 0x02, 0xb5, 0x02, 0xb5, 0x02, 0xb5, 0x64, 0xb9, 0xff, 0xff, 0xff, 0xff, 0xff, 0xff, 0xff, 0xff, 0xff, 0xff, 0x7d, 0x5a, 0x02, 0xb5, 0x02, 0xb5, 0x02, 0xb5, 0x02, 0xb5, 0x02, 0xb5, 0x02, 0xb5, 0x02, 0xb5, 0x00, 0x84, 
  0x00, 0x63, 0x02, 0xb5, 0x02, 0xb5, 0x02, 0xb5, 0x02, 0xb5, 0x02, 0xb5, 0x02, 0xb5, 0x0a, 0xd5, 0xbe, 0x9d, 0xff, 0xff, 0xff, 0xff, 0xff, 0xff, 0xff, 0xff, 0x8d, 0x9b, 0x02, 0xb5, 0x02, 0xb5, 0x02, 0xb5, 0x02, 0xb5, 0x02, 0xb5, 0xef, 0x7f, 0xff, 0xff, 0xff, 0xff, 0xff, 0xff, 0x0a, 0xd5, 0x02, 0xb5, 0x02, 0xb5, 0x2b, 0x77, 0xe7, 0x5e, 0xff, 0xff, 0xff, 0xff, 0xff, 0xff, 0xff, 0xff, 0xef, 0x9f, 0x2b, 0xb7, 0x02, 0xb5, 0x02, 0xb5, 0x02, 0xb5, 0x02, 0xb5, 0x02, 0xb5, 0x02, 0xb5, 0x02, 0xb5, 0x00, 0x21, 
  0x00, 0x20, 0x02, 0x94, 0x02, 0xb5, 0x02, 0xb5, 0x02, 0xb5, 0x02, 0xb5, 0x02, 0xb5, 0x02, 0xb5, 0x0a, 0xf6, 0xb6, 0x7d, 0xff, 0xff, 0xff, 0xff, 0x85, 0x7b, 0x02, 0xb5, 0x02, 0xb5, 0x02, 0xb5, 0x02, 0xb5, 0x02, 0xb5, 0x02, 0xb5, 0xef, 0x7f, 0xff, 0xff, 0xff, 0xff, 0xff, 0xff, 0x0a, 0xd6, 0x02, 0xb5, 0x2b, 0x76, 0xe7, 0x7f, 0xff, 0xff, 0xff, 0xff, 0xff, 0xff, 0xff, 0xff, 0xef, 0x7f, 0x2b, 0x97, 0x02, 0xb5, 0x02, 0xb5, 0x02, 0xb5, 0x02, 0xb5, 0x02, 0xb5, 0x02, 0xb5, 0x02, 0xb5, 0x02, 0x31, 0x00, 0x00, 
  0x00, 0x00, 0x02, 0x10, 0x02, 0xb5, 0x02, 0xb5, 0x02, 0xb5, 0x02, 0xb5, 0x02, 0xb5, 0x02, 0xb5, 0x02, 0xb5, 0x0a, 0xf6, 0xb6, 0x7d, 0x85, 0x7b, 0x02, 0xb5, 0x02, 0xb5, 0x02, 0xb5, 0x02, 0xb5, 0x02, 0xb5, 0x02, 0xb5, 0x02, 0xb5, 0xef, 0x7f, 0xff, 0xff, 0xff, 0xff, 0xff, 0xff, 0x0a, 0xd6, 0x2b, 0x97, 0xe7, 0x7f, 0xff, 0xff, 0xff, 0xff, 0xff, 0xff, 0xff, 0xff, 0xe7, 0x7f, 0x2b, 0x97, 0x02, 0xb5, 0x02, 0xb5, 0x02, 0xb5, 0x02, 0xb5, 0x02, 0xb5, 0x02, 0xb5, 0x02, 0xb5, 0x02, 0xb5, 0x01, 0xad, 0x00, 0x00, 
  0x00, 0x00, 0x01, 0x6b, 0x02, 0xb5, 0x02, 0xb5, 0x02, 0xb5, 0x02, 0xb5, 0x02, 0xb5, 0x02, 0xb5, 0x02, 0xb5, 0x02, 0xb5, 0x02, 0xb5, 0x02, 0xb5, 0x02, 0xb5, 0x02, 0xb5, 0x02, 0xb5, 0x02, 0xb5, 0x02, 0xb5, 0x02, 0xb5, 0x02, 0xb5, 0xef, 0x7f, 0xff, 0xff, 0xff, 0xff, 0xff, 0xff, 0x33, 0x97, 0xef, 0x7f, 0xff, 0xff, 0xff, 0xff, 0xff, 0xff, 0xff, 0xff, 0xe7, 0x7f, 0x23, 0x77, 0x02, 0xb5, 0x02, 0xb5, 0x02, 0xb5, 0x02, 0xb5, 0x02, 0xb5, 0x02, 0xb5, 0x02, 0xb5, 0x02, 0xb5, 0x02, 0xb5, 0x00, 0xe7, 0x00, 0x00, 
  0x00, 0x00, 0x00, 0xa5, 0x02, 0xb5, 0x02, 0xb5, 0x02, 0xb5, 0x02, 0xb5, 0x02, 0xb5, 0x02, 0xb5, 0x02, 0xb5, 0x02, 0xb5, 0x02, 0xb5, 0x02, 0xb5, 0x02, 0xb5, 0x02, 0xb5, 0x02, 0xb5, 0x02, 0xb5, 0x02, 0xb5, 0x02, 0xb5, 0x02, 0xb5, 0xef, 0x7f, 0xff, 0xff, 0xff, 0xff, 0xff, 0xff, 0xef, 0x9f, 0xff, 0xff, 0xff, 0xff, 0xff, 0xff, 0xff, 0xff, 0xe7, 0x5e, 0x23, 0x77, 0x02, 0xb5, 0x02, 0xb5, 0x02, 0xb5, 0x02, 0xb5, 0x02, 0xb5, 0x02, 0xb5, 0x02, 0xb5, 0x02, 0xb5, 0x02, 0xb5, 0x02, 0xb5, 0x00, 0x21, 0x00, 0x00, 
  0x00, 0x00, 0x00, 0x21, 0x02, 0x73, 0x02, 0xb5, 0x02, 0xb5, 0x02, 0xb5, 0x02, 0xb5, 0x02, 0xb5, 0x02, 0xb5, 0x02, 0xb5, 0x02, 0xb5, 0x02, 0xb5, 0x02, 0xb5, 0x02, 0xb5, 0x02, 0xb5, 0x02, 0xb5, 0x02, 0xb5, 0x02, 0xb5, 0x02, 0xb5, 0xef, 0x7f, 0xff, 0xff, 0xff, 0xff, 0xff, 0xff, 0xff, 0xff, 0xff, 0xff, 0xff, 0xff, 0xff, 0xff, 0xdf, 0x5e, 0x23, 0x57, 0x02, 0xb5, 0x02, 0xb5, 0x02, 0xb5, 0x02, 0xb5, 0x02, 0xb5, 0x02, 0xb5, 0x02, 0xb5, 0x02, 0xb5, 0x02, 0xb5, 0x02, 0xb5, 0x01, 0xef, 0x00, 0x00, 0x00, 0x00, 
  0x00, 0x00, 0x00, 0x00, 0x01, 0x8c, 0x02, 0xb5, 0x02, 0xb5, 0x02, 0xb5, 0x02, 0xb5, 0x02, 0xb5, 0x02, 0xb5, 0x02, 0xb5, 0x02, 0xb5, 0x02, 0xb5, 0x02, 0xb5, 0x02, 0xb5, 0x02, 0xb5, 0x02, 0xb5, 0x02, 0xb5, 0x02, 0xb5, 0x02, 0xb5, 0xef, 0x7f, 0xff, 0xff, 0xff, 0xff, 0xff, 0xff, 0xff, 0xff, 0xff, 0xff, 0xff, 0xff, 0xdf, 0x5e, 0x23, 0x57, 0x02, 0xb5, 0x02, 0xb5, 0x02, 0xb5, 0x02, 0xb5, 0x02, 0xb5, 0x02, 0xb5, 0x02, 0xb5, 0x02, 0xb5, 0x02, 0xb5, 0x02, 0xb5, 0x02, 0xb5, 0x00, 0xe7, 0x00, 0x00, 0x00, 0x00, 
  0x00, 0x00, 0x00, 0x00, 0x00, 0x63, 0x02, 0xb5, 0x02, 0xb5, 0x02, 0xb5, 0x02, 0xb5, 0x02, 0xb5, 0x02, 0xb5, 0x02, 0xb5, 0x02, 0xb5, 0x02, 0xb5, 0x02, 0xb5, 0x02, 0xb5, 0x02, 0xb5, 0x02, 0xb5, 0x02, 0xb5, 0x02, 0xb5, 0x02, 0xb5, 0xef, 0x7f, 0xff, 0xff, 0xff, 0xff, 0xff, 0xff, 0xff, 0xff, 0xff, 0xff, 0xdf, 0x3e, 0x1b, 0x56, 0x02, 0xb5, 0x02, 0xb5, 0x02, 0xb5, 0x02, 0xb5, 0x02, 0xb5, 0x02, 0xb5, 0x02, 0xb5, 0x02, 0xb5, 0x02, 0xb5, 0x02, 0xb5, 0x02, 0xb5, 0x02, 0x73, 0x00, 0x21, 0x00, 0x00, 0x00, 0x00, 
  0x00, 0x00, 0x00, 0x00, 0x00, 0x00, 0x01, 0xce, 0x02, 0xb5, 0x02, 0xb5, 0x02, 0xb5, 0x02, 0xb5, 0x02, 0xb5, 0x02, 0xb5, 0x02, 0xb5, 0x02, 0xb5, 0x02, 0xb5, 0x02, 0xb5, 0x02, 0xb5, 0x02, 0xb5, 0x02, 0xb5, 0x02, 0xb5, 0x02, 0xb5, 0xef, 0x7f, 0xff, 0xff, 0xff, 0xff, 0xff, 0xff, 0xff, 0xff, 0xdf, 0x3e, 0x1b, 0x36, 0x02, 0xb5, 0x02, 0xb5, 0x02, 0xb5, 0x02, 0xb5, 0x02, 0xb5, 0x02, 0xb5, 0x02, 0xb5, 0x02, 0xb5, 0x02, 0xb5, 0x02, 0xb5, 0x02, 0xb5, 0x02, 0xb5, 0x01, 0x4a, 0x00, 0x00, 0x00, 0x00, 0x00, 0x00, 
  0x00, 0x00, 0x00, 0x00, 0x00, 0x00, 0x00, 0x63, 0x02, 0x95, 0x02, 0xb5, 0x02, 0xb5, 0x02, 0xb5, 0x02, 0xb5, 0x02, 0xb5, 0x02, 0xb5, 0x02, 0xb5, 0x02, 0xb5, 0x02, 0xb5, 0x02, 0xb5, 0x02, 0xb5, 0x02, 0xb5, 0x02, 0xb5, 0x02, 0xb5, 0xef, 0x7f, 0xff, 0xff, 0xff, 0xff, 0xff, 0xff, 0xd7, 0x1e, 0x1b, 0x36, 0x02, 0xb5, 0x02, 0xb5, 0x02, 0xb5, 0x02, 0xb5, 0x02, 0xb5, 0x02, 0xb5, 0x02, 0xb5, 0x02, 0xb5, 0x02, 0xb5, 0x02, 0xb5, 0x02, 0xb5, 0x02, 0xb5, 0x02, 0x73, 0x00, 0x21, 0x00, 0x00, 0x00, 0x00, 0x00, 0x00, 
  0x00, 0x00, 0x00, 0x00, 0x00, 0x00, 0x00, 0x00, 0x01, 0x4a, 0x02, 0xb5, 0x02, 0xb5, 0x02, 0xb5, 0x02, 0xb5, 0x02, 0xb5, 0x02, 0xb5, 0x02, 0xb5, 0x02, 0xb5, 0x02, 0xb5, 0x02, 0xb5, 0x02, 0xb5, 0x02, 0xb5, 0x02, 0xb5, 0x02, 0xb5, 0xe7, 0x7f, 0xff, 0xff, 0xff, 0xff, 0xd7, 0x1e, 0x1b, 0x36, 0x02, 0xb5, 0x02, 0xb5, 0x02, 0xb5, 0x02, 0xb5, 0x02, 0xb5, 0x02, 0xb5, 0x02, 0xb5, 0x02, 0xb5, 0x02, 0xb5, 0x02, 0xb5, 0x02, 0xb5, 0x02, 0xb5, 0x02, 0xb5, 0x00, 0xe7, 0x00, 0x00, 0x00, 0x00, 0x00, 0x00, 0x00, 0x00, 
  0x00, 0x00, 0x00, 0x00, 0x00, 0x00, 0x00, 0x00, 0x00, 0x20, 0x02, 0x10, 0x02, 0xb5, 0x02, 0xb5, 0x02, 0xb5, 0x02, 0xb5, 0x02, 0xb5, 0x02, 0xb5, 0x02, 0xb5, 0x02, 0xb5, 0x02, 0xb5, 0x02, 0xb5, 0x02, 0xb5, 0x02, 0xb5, 0x02, 0xb5, 0xef, 0x7f, 0xff, 0xff, 0xd7, 0x1e, 0x1b, 0x36, 0x02, 0xb5, 0x02, 0xb5, 0x02, 0xb5, 0x02, 0xb5, 0x02, 0xb5, 0x02, 0xb5, 0x02, 0xb5, 0x02, 0xb5, 0x02, 0xb5, 0x02, 0xb5, 0x02, 0xb5, 0x02, 0xb5, 0x02, 0xb5, 0x01, 0xad, 0x00, 0x00, 0x00, 0x00, 0x00, 0x00, 0x00, 0x00, 0x00, 0x00, 
  0x00, 0x00, 0x00, 0x00, 0x00, 0x00, 0x00, 0x00, 0x00, 0x00, 0x00, 0x42, 0x02, 0x52, 0x02, 0xb5, 0x02, 0xb5, 0x02, 0xb5, 0x02, 0xb5, 0x02, 0xb5, 0x02, 0xb5, 0x02, 0xb5, 0x02, 0xb5, 0x02, 0xb5, 0x02, 0xb5, 0x02, 0xb5, 0x02, 0xb5, 0xef, 0x9f, 0xce, 0xfd, 0x13, 0x16, 0x02, 0xb5, 0x02, 0xb5, 0x02, 0xb5, 0x02, 0xb5, 0x02, 0xb5, 0x02, 0xb5, 0x02, 0xb5, 0x02, 0xb5, 0x02, 0xb5, 0x02, 0xb5, 0x02, 0xb5, 0x02, 0xb5, 0x02, 0xb5, 0x02, 0x10, 0x00, 0x21, 0x00, 0x00, 0x00, 0x00, 0x00, 0x00, 0x00, 0x00, 0x00, 0x00, 
  0x00, 0x00, 0x00, 0x00, 0x00, 0x00, 0x00, 0x00, 0x00, 0x00, 0x00, 0x00, 0x00, 0x63, 0x02, 0x52, 0x02, 0xb5, 0x02, 0xb5, 0x02, 0xb5, 0x02, 0xb5, 0x02, 0xb5, 0x02, 0xb5, 0x02, 0xb5, 0x02, 0xb5, 0x02, 0xb5, 0x02, 0xb5, 0x02, 0xb5, 0xb6, 0x5c, 0x13, 0x36, 0x02, 0xb5, 0x02, 0xb5, 0x02, 0xb5, 0x02, 0xb5, 0x02, 0xb5, 0x02, 0xb5, 0x02, 0xb5, 0x02, 0xb5, 0x02, 0xb5, 0x02, 0xb5, 0x02, 0xb5, 0x02, 0xb5, 0x02, 0xb5, 0x02, 0x10, 0x00, 0x21, 0x00, 0x00, 0x00, 0x00, 0x00, 0x00, 0x00, 0x00, 0x00, 0x00, 0x00, 0x00, 
  0x00, 0x00, 0x00, 0x00, 0x00, 0x00, 0x00, 0x00, 0x00, 0x00, 0x00, 0x00, 0x00, 0x00, 0x00, 0x42, 0x01, 0xef, 0x02, 0xb5, 0x02, 0xb5, 0x02, 0xb5, 0x02, 0xb5, 0x02, 0xb5, 0x02, 0xb5, 0x02, 0xb5, 0x02, 0xb5, 0x02, 0xb5, 0x02, 0xb5, 0x0a, 0xd5, 0x02, 0xb5, 0x02, 0xb5, 0x02, 0xb5, 0x02, 0xb5, 0x02, 0xb5, 0x02, 0xb5, 0x02, 0xb5, 0x02, 0xb5, 0x02, 0xb5, 0x02, 0xb5, 0x02, 0xb5, 0x02, 0xb5, 0x02, 0xb5, 0x01, 0x8c, 0x00, 0x21, 0x00, 0x00, 0x00, 0x00, 0x00, 0x00, 0x00, 0x00, 0x00, 0x00, 0x00, 0x00, 0x00, 0x00, 
  0x00, 0x00, 0x00, 0x00, 0x00, 0x00, 0x00, 0x00, 0x00, 0x00, 0x00, 0x00, 0x00, 0x00, 0x00, 0x00, 0x00, 0x00, 0x00, 0xe7, 0x02, 0x52, 0x02, 0xb5, 0x02, 0xb5, 0x02, 0xb5, 0x02, 0xb5, 0x02, 0xb5, 0x02, 0xb5, 0x02, 0xb5, 0x02, 0xb5, 0x02, 0xb5, 0x02, 0xb5, 0x02, 0xb5, 0x02, 0xb5, 0x02, 0xb5, 0x02, 0xb5, 0x02, 0xb5, 0x02, 0xb5, 0x02, 0xb5, 0x02, 0xb5, 0x02, 0xb5, 0x02, 0xb5, 0x02, 0x10, 0x00, 0xa5, 0x00, 0x00, 0x00, 0x00, 0x00, 0x00, 0x00, 0x00, 0x00, 0x00, 0x00, 0x00, 0x00, 0x00, 0x00, 0x00, 0x00, 0x00, 
  0x00, 0x00, 0x00, 0x00, 0x00, 0x00, 0x00, 0x00, 0x00, 0x00, 0x00, 0x00, 0x00, 0x00, 0x00, 0x00, 0x00, 0x00, 0x00, 0x00, 0x00, 0x21, 0x00, 0xe7, 0x01, 0xef, 0x02, 0x94, 0x02, 0xb5, 0x02, 0xb5, 0x02, 0xb5, 0x02, 0xb5, 0x02, 0xb5, 0x02, 0xb5, 0x02, 0xb5, 0x02, 0xb5, 0x02, 0xb5, 0x02, 0xb5, 0x02, 0xb5, 0x02, 0xb5, 0x02, 0xb5, 0x02, 0xb5, 0x02, 0x53, 0x01, 0x8c, 0x00, 0x84, 0x00, 0x00, 0x00, 0x00, 0x00, 0x00, 0x00, 0x00, 0x00, 0x00, 0x00, 0x00, 0x00, 0x00, 0x00, 0x00, 0x00, 0x00, 0x00, 0x00, 0x00, 0x00, 
  0x00, 0x00, 0x00, 0x00, 0x00, 0x00, 0x00, 0x00, 0x00, 0x00, 0x00, 0x00, 0x00, 0x00, 0x00, 0x00, 0x00, 0x00, 0x00, 0x00, 0x00, 0x00, 0x00, 0x00, 0x00, 0x00, 0x00, 0x21, 0x00, 0xc6, 0x01, 0x4a, 0x01, 0xce, 0x02, 0x10, 0x02, 0x32, 0x02, 0x52, 0x02, 0x52, 0x02, 0x52, 0x02, 0x31, 0x01, 0xef, 0x01, 0xad, 0x01, 0x6b, 0x00, 0xe7, 0x00, 0x63, 0x00, 0x00, 0x00, 0x00, 0x00, 0x00, 0x00, 0x00, 0x00, 0x00, 0x00, 0x00, 0x00, 0x00, 0x00, 0x00, 0x00, 0x00, 0x00, 0x00, 0x00, 0x00, 0x00, 0x00, 0x00, 0x00, 0x00, 0x00, 
#endif
#if LV_COLOR_DEPTH == 32
  /*Pixel format: Fix 0xFF: 8 bit, Red: 8 bit, Green: 8 bit, Blue: 8 bit*/
  0x00, 0x00, 0x00, 0xff, 0x00, 0x00, 0x00, 0xff, 0x00, 0x00, 0x00, 0xff, 0x00, 0x00, 0x00, 0xff, 0x00, 0x00, 0x00, 0xff, 0x00, 0x00, 0x00, 0xff, 0x00, 0x00, 0x00, 0xff, 0x00, 0x00, 0x00, 0xff, 0x00, 0x00, 0x00, 0xff, 0x00, 0x00, 0x00, 0xff, 0x00, 0x00, 0x00, 0xff, 0x00, 0x00, 0x00, 0xff, 0x00, 0x00, 0x00, 0xff, 0x00, 0x00, 0x00, 0xff, 0x06, 0x03, 0x00, 0xff, 0x21, 0x10, 0x00, 0xff, 0x3c, 0x1e, 0x00, 0xff, 0x52, 0x29, 0x00, 0xff, 0x64, 0x32, 0x00, 0xff, 0x6d, 0x36, 0x00, 0xff, 0x6f, 0x37, 0x00, 0xff, 0x6d, 0x36, 0x00, 0xff, 0x68, 0x33, 0x00, 0xff, 0x5c, 0x2e, 0x00, 0xff, 0x4b, 0x25, 0x00, 0xff, 0x35, 0x1a, 0x00, 0xff, 0x1c, 0x0d, 0x00, 0xff, 0x03, 0x01, 0x00, 0xff, 0x00, 0x00, 0x00, 0xff, 0x00, 0x00, 0x00, 0xff, 0x00, 0x00, 0x00, 0xff, 0x00, 0x00, 0x00, 0xff, 0x00, 0x00, 0x00, 0xff, 0x00, 0x00, 0x00, 0xff, 0x00, 0x00, 0x00, 0xff, 0x00, 0x00, 0x00, 0xff, 0x00, 0x00, 0x00, 0xff, 0x00, 0x00, 0x00, 0xff, 0x00, 0x00, 0x00, 0xff, 0x00, 0x00, 0x00, 0xff, 0x00, 0x00, 0x00, 0xff, 0x00, 0x00, 0x00, 0xff, 
  0x00, 0x00, 0x00, 0xff, 0x00, 0x00, 0x00, 0xff, 0x00, 0x00, 0x00, 0xff, 0x00, 0x00, 0x00, 0xff, 0x00, 0x00, 0x00, 0xff, 0x00, 0x01, 0x00, 0xff, 0x00, 0x01, 0x00, 0xff, 0x00, 0x00, 0x00, 0xff, 0x00, 0x00, 0x00, 0xff, 0x00, 0x00, 0x00, 0xff, 0x00, 0x00, 0x00, 0xff, 0x12, 0x09, 0x00, 0xff, 0x4a, 0x25, 0x00, 0xff, 0x7b, 0x3d, 0x00, 0xff, 0xa4, 0x51, 0x00, 0xff, 0xab, 0x55, 0x00, 0xff, 0xaa, 0x54, 0x00, 0xff, 0xaa, 0x54, 0x00, 0xff, 0xaa, 0x54, 0x00, 0xff, 0xaa, 0x54, 0x00, 0xff, 0xa9, 0x54, 0x00, 0xff, 0xa9, 0x54, 0x00, 0xff, 0xa9, 0x54, 0x00, 0xff, 0xa9, 0x54, 0x00, 0xff, 0xa9, 0x54, 0x00, 0xff, 0xa9, 0x54, 0x00, 0xff, 0xaa, 0x55, 0x00, 0xff, 0x9e, 0x4f, 0x00, 0xff, 0x75, 0x3b, 0x00, 0xff, 0x43, 0x21, 0x00, 0xff, 0x0a, 0x05, 0x00, 0xff, 0x00, 0x00, 0x00, 0xff, 0x00, 0x01, 0x00, 0xff, 0x00, 0x01, 0x00, 0xff, 0x00, 0x00, 0x00, 0xff, 0x00, 0x00, 0x00, 0xff, 0x00, 0x00, 0x00, 0xff, 0x00, 0x01, 0x00, 0xff, 0x00, 0x01, 0x00, 0xff, 0x00, 0x00, 0x00, 0xff, 0x00, 0x00, 0x00, 0xff, 0x00, 0x00, 0x00, 0xff, 
  0x00, 0x00, 0x00, 0xff, 0x00, 0x00, 0x00, 0xff, 0x00, 0x00, 0x00, 0xff, 0x00, 0x00, 0x00, 0xff, 0x00, 0x00, 0x00, 0xff, 0x00, 0x01, 0x00, 0xff, 0x00, 0x00, 0x00, 0xff, 0x00, 0x00, 0x00, 0xff, 0x00, 0x00, 0x00, 0xff, 0x1c, 0x0e, 0x00, 0xff, 0x6e, 0x37, 0x00, 0xff, 0xa7, 0x54, 0x00, 0xff, 0xaa, 0x55, 0x00, 0xff, 0xaa, 0x54, 0x00, 0xff, 0xaa, 0x54, 0x00, 0xff, 0xaa, 0x54, 0x00, 0xff, 0xaa, 0x54, 0x00, 0xff, 0xaa, 0x54, 0x00, 0xff, 0xaa, 0x54, 0x00, 0xff, 0xaa, 0x54, 0x00, 0xff, 0xaa, 0x54, 0x00, 0xff, 0xa9, 0x54, 0x00, 0xff, 0xa9, 0x54, 0x00, 0xff, 0xa9, 0x54, 0x00, 0xff, 0xa9, 0x54, 0x00, 0xff, 0xa9, 0x54, 0x00, 0xff, 0xa9, 0x54, 0x00, 0xff, 0xa9, 0x54, 0x00, 0xff, 0xaa, 0x54, 0x00, 0xff, 0xab, 0x54, 0x00, 0xff, 0xa1, 0x50, 0x00, 0xff, 0x5c, 0x2e, 0x00, 0xff, 0x0d, 0x07, 0x00, 0xff, 0x00, 0x00, 0x00, 0xff, 0x00, 0x00, 0x00, 0xff, 0x00, 0x00, 0x00, 0xff, 0x00, 0x00, 0x00, 0xff, 0x00, 0x01, 0x00, 0xff, 0x00, 0x01, 0x00, 0xff, 0x00, 0x00, 0x00, 0xff, 0x00, 0x00, 0x00, 0xff, 0x00, 0x00, 0x00, 0xff, 
  0x00, 0x00, 0x00, 0xff, 0x00, 0x00, 0x00, 0xff, 0x00, 0x00, 0x00, 0xff, 0x00, 0x00, 0x00, 0xff, 0x00, 0x00, 0x00, 0xff, 0x00, 0x00, 0x00, 0xff, 0x00, 0x00, 0x00, 0xff, 0x08, 0x04, 0x00, 0xff, 0x63, 0x31, 0x00, 0xff, 0xa7, 0x54, 0x01, 0xff, 0xa9, 0x55, 0x00, 0xff, 0xa9, 0x54, 0x00, 0xff, 0xa9, 0x54, 0x00, 0xff, 0xa9, 0x54, 0x00, 0xff, 0xaa, 0x54, 0x00, 0xff, 0xaa, 0x54, 0x00, 0xff, 0xaa, 0x54, 0x00, 0xff, 0xaa, 0x54, 0x00, 0xff, 0xaa, 0x53, 0x00, 0xff, 0xa9, 0x54, 0x00, 0xff, 0xaa, 0x54, 0x00, 0xff, 0xaa, 0x54, 0x00, 0xff, 0xaa, 0x54, 0x00, 0xff, 0xaa, 0x54, 0x00, 0xff, 0xaa, 0x54, 0x00, 0xff, 0xa9, 0x54, 0x00, 0xff, 0xa9, 0x54, 0x00, 0xff, 0xa9, 0x54, 0x00, 0xff, 0xa9, 0x54, 0x00, 0xff, 0xa9, 0x54, 0x00, 0xff, 0xa9, 0x54, 0x00, 0xff, 0xaa, 0x54, 0x00, 0xff, 0x9e, 0x4e, 0x00, 0xff, 0x3b, 0x1d, 0x01, 0xff, 0x00, 0x00, 0x00, 0xff, 0x00, 0x00, 0x00, 0xff, 0x00, 0x00, 0x00, 0xff, 0x00, 0x00, 0x00, 0xff, 0x00, 0x00, 0x00, 0xff, 0x00, 0x00, 0x00, 0xff, 0x00, 0x00, 0x00, 0xff, 0x00, 0x00, 0x00, 0xff, 
  0x00, 0x00, 0x00, 0xff, 0x00, 0x00, 0x00, 0xff, 0x00, 0x00, 0x00, 0xff, 0x00, 0x00, 0x00, 0xff, 0x00, 0x00, 0x00, 0xff, 0x00, 0x00, 0x00, 0xff, 0x1b, 0x0d, 0x00, 0xff, 0x8f, 0x47, 0x01, 0xff, 0xaa, 0x54, 0x00, 0xff, 0xa9, 0x54, 0x00, 0xff, 0xa9, 0x54, 0x00, 0xff, 0xa9, 0x54, 0x00, 0xff, 0xa9, 0x54, 0x00, 0xff, 0xa9, 0x54, 0x00, 0xff, 0xa9, 0x54, 0x00, 0xff, 0xa9, 0x54, 0x00, 0xff, 0xa9, 0x54, 0x00, 0xff, 0xaa, 0x54, 0x00, 0xff, 0xa8, 0x53, 0x00, 0xff, 0xc6, 0x8c, 0x52, 0xff, 0xab, 0x54, 0x00, 0xff, 0xaa, 0x54, 0x00, 0xff, 0xaa, 0x54, 0x00, 0xff, 0xaa, 0x54, 0x00, 0xff, 0xaa, 0x54, 0x00, 0xff, 0xa9, 0x54, 0x00, 0xff, 0xa9, 0x54, 0x00, 0xff, 0xa9, 0x54, 0x00, 0xff, 0xa9, 0x54, 0x00, 0xff, 0xa9, 0x54, 0x00, 0xff, 0xa9, 0x54, 0x00, 0xff, 0xa9, 0x54, 0x00, 0xff, 0xaa, 0x54, 0x00, 0xff, 0xaa, 0x54, 0x00, 0xff, 0x5d, 0x2e, 0x01, 0xff, 0x01, 0x01, 0x00, 0xff, 0x00, 0x00, 0x00, 0xff, 0x00, 0x00, 0x00, 0xff, 0x00, 0x00, 0x00, 0xff, 0x00, 0x00, 0x00, 0xff, 0x00, 0x00, 0x00, 0xff, 0x00, 0x00, 0x00, 0xff, 
  0x00, 0x00, 0x00, 0xff, 0x00, 0x00, 0x00, 0xff, 0x00, 0x00, 0x00, 0xff, 0x00, 0x00, 0x00, 0xff, 0x00, 0x00, 0x00, 0xff, 0x26, 0x12, 0x00, 0xff, 0x9e, 0x4f, 0x00, 0xff, 0xa9, 0x54, 0x00, 0xff, 0xa9, 0x54, 0x00, 0xff, 0xa9, 0x54, 0x00, 0xff, 0xa9, 0x54, 0x00, 0xff, 0xa9, 0x54, 0x00, 0xff, 0xa9, 0x54, 0x00, 0xff, 0xa9, 0x54, 0x00, 0xff, 0xa9, 0x54, 0x00, 0xff, 0xa9, 0x54, 0x00, 0xff, 0xaa, 0x54, 0x00, 0xff, 0xaa, 0x54, 0x00, 0xff, 0xab, 0x55, 0x01, 0xff, 0xf5, 0xec, 0xe4, 0xff, 0xcc, 0x9c, 0x6f, 0xff, 0xaa, 0x54, 0x01, 0xff, 0xaa, 0x54, 0x00, 0xff, 0xaa, 0x54, 0x00, 0xff, 0xaa, 0x54, 0x00, 0xff, 0xaa, 0x54, 0x00, 0xff, 0xaa, 0x54, 0x00, 0xff, 0xaa, 0x54, 0x00, 0xff, 0xaa, 0x54, 0x00, 0xff, 0xa9, 0x54, 0x00, 0xff, 0xa9, 0x54, 0x00, 0xff, 0xa9, 0x54, 0x00, 0xff, 0xa9, 0x53, 0x00, 0xff, 0xa9, 0x54, 0x00, 0xff, 0xab, 0x54, 0x00, 0xff, 0x60, 0x2f, 0x01, 0xff, 0x00, 0x00, 0x00, 0xff, 0x00, 0x00, 0x00, 0xff, 0x00, 0x00, 0x00, 0xff, 0x00, 0x00, 0x00, 0xff, 0x00, 0x00, 0x00, 0xff, 0x00, 0x00, 0x00, 0xff, 
  0x00, 0x00, 0x00, 0xff, 0x00, 0x00, 0x00, 0xff, 0x00, 0x00, 0x00, 0xff, 0x00, 0x00, 0x00, 0xff, 0x1c, 0x0d, 0x00, 0xff, 0x9e, 0x4f, 0x00, 0xff, 0xa9, 0x54, 0x00, 0xff, 0xaa, 0x54, 0x00, 0xff, 0xaa, 0x54, 0x00, 0xff, 0xaa, 0x54, 0x00, 0xff, 0xaa, 0x54, 0x00, 0xff, 0xaa, 0x54, 0x00, 0xff, 0xaa, 0x54, 0x00, 0xff, 0xa9, 0x54, 0x00, 0xff, 0xa9, 0x54, 0x00, 0xff, 0xa9, 0x54, 0x00, 0xff, 0xa9, 0x54, 0x00, 0xff, 0xaa, 0x54, 0x00, 0xff, 0xaa, 0x54, 0x00, 0xff, 0xf4, 0xec, 0xe3, 0xff, 0xfe, 0xfd, 0xfd, 0xff, 0xd3, 0xa7, 0x7b, 0xff, 0xaa, 0x54, 0x00, 0xff, 0xaa, 0x54, 0x00, 0xff, 0xaa, 0x54, 0x00, 0xff, 0xaa, 0x54, 0x00, 0xff, 0xaa, 0x54, 0x00, 0xff, 0xaa, 0x54, 0x00, 0xff, 0xaa, 0x54, 0x00, 0xff, 0xa9, 0x54, 0x00, 0xff, 0xa9, 0x54, 0x00, 0xff, 0xa9, 0x54, 0x00, 0xff, 0xa9, 0x54, 0x00, 0xff, 0xa9, 0x54, 0x00, 0xff, 0xa9, 0x54, 0x00, 0xff, 0xaa, 0x54, 0x00, 0xff, 0x49, 0x24, 0x00, 0xff, 0x00, 0x00, 0x00, 0xff, 0x00, 0x00, 0x00, 0xff, 0x00, 0x00, 0x00, 0xff, 0x00, 0x00, 0x00, 0xff, 0x00, 0x00, 0x00, 0xff, 
  0x00, 0x01, 0x00, 0xff, 0x00, 0x00, 0x00, 0xff, 0x00, 0x00, 0x00, 0xff, 0x09, 0x04, 0x00, 0xff, 0x8e, 0x47, 0x00, 0xff, 0xa8, 0x55, 0x00, 0xff, 0xa9, 0x54, 0x00, 0xff, 0xa9, 0x54, 0x00, 0xff, 0xaa, 0x54, 0x00, 0xff, 0xaa, 0x54, 0x00, 0xff, 0xaa, 0x55, 0x00, 0xff, 0xaa, 0x54, 0x00, 0xff, 0xaa, 0x54, 0x00, 0xff, 0xaa, 0x54, 0x00, 0xff, 0xaa, 0x54, 0x00, 0xff, 0xa9, 0x54, 0x00, 0xff, 0xaa, 0x55, 0x00, 0xff, 0xaa, 0x54, 0x00, 0xff, 0xa9, 0x53, 0x00, 0xff, 0xf5, 0xec, 0xe3, 0xff, 0xff, 0xff, 0xff, 0xff, 0xfe, 0xfe, 0xfe, 0xff, 0xd2, 0xa9, 0x81, 0xff, 0xaa, 0x54, 0x01, 0xff, 0xaa, 0x54, 0x00, 0xff, 0xaa, 0x54, 0x00, 0xff, 0xaa, 0x54, 0x00, 0xff, 0xaa, 0x55, 0x00, 0xff, 0xaa, 0x54, 0x00, 0xff, 0xaa, 0x54, 0x00, 0xff, 0xaa, 0x54, 0x00, 0xff, 0xa9, 0x54, 0x00, 0xff, 0xa9, 0x55, 0x00, 0xff, 0xa9, 0x54, 0x00, 0xff, 0xa9, 0x54, 0x00, 0xff, 0xaa, 0x54, 0x00, 0xff, 0xa7, 0x52, 0x00, 0xff, 0x1e, 0x0f, 0x00, 0xff, 0x00, 0x01, 0x00, 0xff, 0x00, 0x00, 0x00, 0xff, 0x00, 0x00, 0x00, 0xff, 0x00, 0x00, 0x00, 0xff, 
  0x00, 0x00, 0x00, 0xff, 0x00, 0x00, 0x00, 0xff, 0x00, 0x00, 0x00, 0xff, 0x61, 0x30, 0x00, 0xff, 0xa9, 0x54, 0x00, 0xff, 0xa9, 0x54, 0x00, 0xff, 0xa9, 0x54, 0x00, 0xff, 0xaa, 0x54, 0x00, 0xff, 0xaa, 0x54, 0x00, 0xff, 0xaa, 0x55, 0x00, 0xff, 0xaa, 0x54, 0x00, 0xff, 0xaa, 0x54, 0x00, 0xff, 0xaa, 0x54, 0x00, 0xff, 0xaa, 0x54, 0x00, 0xff, 0xaa, 0x54, 0x00, 0xff, 0xa9, 0x54, 0x00, 0xff, 0xaa, 0x54, 0x00, 0xff, 0xaa, 0x54, 0x00, 0xff, 0xab, 0x54, 0x00, 0xff, 0xf5, 0xed, 0xe4, 0xff, 0xfe, 0xff, 0xfe, 0xff, 0xfe, 0xff, 0xff, 0xff, 0xfe, 0xfe, 0xfe, 0xff, 0xd8, 0xb1, 0x8d, 0xff, 0xaa, 0x55, 0x01, 0xff, 0xaa, 0x54, 0x00, 0xff, 0xaa, 0x54, 0x00, 0xff, 0xaa, 0x54, 0x00, 0xff, 0xaa, 0x54, 0x00, 0xff, 0xaa, 0x54, 0x00, 0xff, 0xaa, 0x54, 0x00, 0xff, 0xaa, 0x54, 0x00, 0xff, 0xa9, 0x54, 0x00, 0xff, 0xa9, 0x54, 0x00, 0xff, 0xa9, 0x54, 0x00, 0xff, 0xa9, 0x54, 0x00, 0xff, 0xaa, 0x54, 0x00, 0xff, 0x82, 0x41, 0x00, 0xff, 0x01, 0x01, 0x00, 0xff, 0x00, 0x00, 0x00, 0xff, 0x00, 0x00, 0x00, 0xff, 0x00, 0x00, 0x00, 0xff, 
  0x00, 0x00, 0x00, 0xff, 0x00, 0x00, 0x00, 0xff, 0x18, 0x0c, 0x00, 0xff, 0xa5, 0x52, 0x00, 0xff, 0xa9, 0x54, 0x00, 0xff, 0xa9, 0x54, 0x00, 0xff, 0xaa, 0x54, 0x00, 0xff, 0xaa, 0x54, 0x00, 0xff, 0xaa, 0x54, 0x01, 0xff, 0xaa, 0x54, 0x01, 0xff, 0xaa, 0x54, 0x01, 0xff, 0xaa, 0x54, 0x01, 0xff, 0xaa, 0x54, 0x00, 0xff, 0xaa, 0x54, 0x00, 0xff, 0xaa, 0x54, 0x00, 0xff, 0xaa, 0x54, 0x00, 0xff, 0xaa, 0x54, 0x00, 0xff, 0xaa, 0x54, 0x00, 0xff, 0xab, 0x54, 0x00, 0xff, 0xf5, 0xed, 0xe4, 0xff, 0xff, 0xff, 0xff, 0xff, 0xff, 0xfe, 0xff, 0xff, 0xff, 0xfe, 0xff, 0xff, 0xfe, 0xfe, 0xfe, 0xff, 0xda, 0xb5, 0x93, 0xff, 0xab, 0x55, 0x02, 0xff, 0xaa, 0x54, 0x00, 0xff, 0xaa, 0x54, 0x00, 0xff, 0xaa, 0x54, 0x00, 0xff, 0xaa, 0x54, 0x00, 0xff, 0xaa, 0x54, 0x00, 0xff, 0xaa, 0x54, 0x00, 0xff, 0xaa, 0x54, 0x00, 0xff, 0xa9, 0x54, 0x00, 0xff, 0xa9, 0x54, 0x00, 0xff, 0xa9, 0x54, 0x00, 0xff, 0xa9, 0x54, 0x00, 0xff, 0xab, 0x54, 0x00, 0xff, 0x39, 0x1c, 0x01, 0xff, 0x00, 0x00, 0x00, 0xff, 0x00, 0x00, 0x00, 0xff, 0x00, 0x00, 0x00, 0xff, 
  0x00, 0x00, 0x00, 0xff, 0x00, 0x00, 0x00, 0xff, 0x68, 0x33, 0x00, 0xff, 0xa9, 0x54, 0x00, 0xff, 0xa9, 0x54, 0x00, 0xff, 0xaa, 0x54, 0x00, 0xff, 0xaa, 0x54, 0x01, 0xff, 0xaa, 0x54, 0x01, 0xff, 0xaa, 0x54, 0x01, 0xff, 0xaa, 0x54, 0x01, 0xff, 0xaa, 0x54, 0x01, 0xff, 0xaa, 0x54, 0x01, 0xff, 0xaa, 0x54, 0x01, 0xff, 0xaa, 0x54, 0x00, 0xff, 0xaa, 0x54, 0x00, 0xff, 0xaa, 0x54, 0x00, 0xff, 0xaa, 0x54, 0x00, 0xff, 0xaa, 0x54, 0x00, 0xff, 0xaa, 0x54, 0x00, 0xff, 0xf5, 0xec, 0xe4, 0xff, 0xff, 0xff, 0xff, 0xff, 0xff, 0xff, 0xff, 0xff, 0xff, 0xff, 0xff, 0xff, 0xff, 0xff, 0xff, 0xff, 0xff, 0xff, 0xff, 0xff, 0xdc, 0xb9, 0x99, 0xff, 0xab, 0x56, 0x05, 0xff, 0xaa, 0x53, 0x00, 0xff, 0xaa, 0x54, 0x00, 0xff, 0xaa, 0x54, 0x00, 0xff, 0xaa, 0x54, 0x00, 0xff, 0xaa, 0x54, 0x00, 0xff, 0xaa, 0x54, 0x00, 0xff, 0xaa, 0x54, 0x00, 0xff, 0xa9, 0x54, 0x00, 0xff, 0xa9, 0x54, 0x00, 0xff, 0xaa, 0x54, 0x00, 0xff, 0xaa, 0x54, 0x00, 0xff, 0x83, 0x40, 0x01, 0xff, 0x00, 0x00, 0x00, 0xff, 0x00, 0x00, 0x00, 0xff, 0x00, 0x00, 0x00, 0xff, 
  0x00, 0x00, 0x00, 0xff, 0x0a, 0x05, 0x00, 0xff, 0xa3, 0x51, 0x00, 0xff, 0xa9, 0x54, 0x00, 0xff, 0xa9, 0x54, 0x00, 0xff, 0xaa, 0x54, 0x00, 0xff, 0xaa, 0x54, 0x00, 0xff, 0xaa, 0x54, 0x00, 0xff, 0xaa, 0x54, 0x00, 0xff, 0xaa, 0x54, 0x00, 0xff, 0xaa, 0x54, 0x01, 0xff, 0xaa, 0x54, 0x01, 0xff, 0xaa, 0x54, 0x00, 0xff, 0xaa, 0x54, 0x00, 0xff, 0xaa, 0x54, 0x00, 0xff, 0xaa, 0x54, 0x00, 0xff, 0xaa, 0x54, 0x00, 0xff, 0xaa, 0x54, 0x00, 0xff, 0xaa, 0x53, 0x00, 0xff, 0xf5, 0xec, 0xe5, 0xff, 0xff, 0xff, 0xff, 0xff, 0xff, 0xff, 0xff, 0xff, 0xff, 0xff, 0xff, 0xff, 0xff, 0xff, 0xff, 0xff, 0xff, 0xff, 0xff, 0xff, 0xfe, 0xfe, 0xff, 0xff, 0xdf, 0xc0, 0xa2, 0xff, 0xac, 0x58, 0x07, 0xff, 0xa9, 0x54, 0x00, 0xff, 0xaa, 0x54, 0x00, 0xff, 0xaa, 0x54, 0x00, 0xff, 0xaa, 0x54, 0x00, 0xff, 0xaa, 0x54, 0x00, 0xff, 0xaa, 0x54, 0x00, 0xff, 0xaa, 0x54, 0x00, 0xff, 0xaa, 0x54, 0x00, 0xff, 0xa9, 0x54, 0x00, 0xff, 0xaa, 0x54, 0x00, 0xff, 0xa8, 0x54, 0x00, 0xff, 0x1b, 0x0e, 0x01, 0xff, 0x00, 0x00, 0x00, 0xff, 0x00, 0x00, 0x00, 0xff, 
  0x00, 0x00, 0x00, 0xff, 0x38, 0x1c, 0x00, 0xff, 0xa9, 0x54, 0x00, 0xff, 0xaa, 0x54, 0x00, 0xff, 0xa9, 0x54, 0x00, 0xff, 0xa9, 0x54, 0x00, 0xff, 0xaa, 0x54, 0x00, 0xff, 0xaa, 0x54, 0x00, 0xff, 0xa9, 0x54, 0x00, 0xff, 0xaa, 0x54, 0x00, 0xff, 0xaa, 0x54, 0x00, 0xff, 0xaa, 0x54, 0x00, 0xff, 0xaa, 0x54, 0x00, 0xff, 0xaa, 0x54, 0x00, 0xff, 0xaa, 0x54, 0x00, 0xff, 0xaa, 0x54, 0x00, 0xff, 0xaa, 0x55, 0x00, 0xff, 0xaa, 0x54, 0x00, 0xff, 0xaa, 0x53, 0x00, 0xff, 0xf5, 0xec, 0xe4, 0xff, 0xff, 0xff, 0xff, 0xff, 0xff, 0xff, 0xff, 0xff, 0xff, 0xff, 0xff, 0xff, 0xff, 0xff, 0xff, 0xff, 0xff, 0xff, 0xff, 0xff, 0xff, 0xff, 0xff, 0xff, 0xff, 0xff, 0xff, 0xff, 0xe1, 0xc5, 0xa8, 0xff, 0xab, 0x58, 0x06, 0xff, 0xaa, 0x54, 0x00, 0xff, 0xaa, 0x54, 0x01, 0xff, 0xaa, 0x54, 0x00, 0xff, 0xaa, 0x54, 0x00, 0xff, 0xaa, 0x54, 0x00, 0xff, 0xaa, 0x54, 0x00, 0xff, 0xaa, 0x54, 0x00, 0xff, 0xa9, 0x54, 0x00, 0xff, 0xa9, 0x54, 0x00, 0xff, 0xaa, 0x54, 0x00, 0xff, 0x57, 0x2b, 0x01, 0xff, 0x00, 0x00, 0x00, 0xff, 0x00, 0x00, 0x00, 0xff, 
  0x00, 0x00, 0x00, 0xff, 0x66, 0x33, 0x00, 0xff, 0xa9, 0x54, 0x00, 0xff, 0xa9, 0x54, 0x00, 0xff, 0xa9, 0x54, 0x00, 0xff, 0xa9, 0x54, 0x00, 0xff, 0xa9, 0x54, 0x00, 0xff, 0xaa, 0x54, 0x00, 0xff, 0xaa, 0x54, 0x00, 0xff, 0xaa, 0x54, 0x00, 0xff, 0xaa, 0x54, 0x00, 0xff, 0xaa, 0x54, 0x00, 0xff, 0xaa, 0x54, 0x00, 0xff, 0xaa, 0x54, 0x00, 0xff, 0xaa, 0x54, 0x00, 0xff, 0xaa, 0x54, 0x00, 0xff, 0xaa, 0x54, 0x00, 0xff, 0xaa, 0x54, 0x00, 0xff, 0xaa, 0x53, 0x00, 0xff, 0xf5, 0xec, 0xe4, 0xff, 0xff, 0xff, 0xff, 0xff, 0xff, 0xff, 0xff, 0xff, 0xfe, 0xfd, 0xfc, 0xff, 0xf8, 0xf1, 0xe9, 0xff, 0xff, 0xff, 0xff, 0xff, 0xff, 0xff, 0xff, 0xff, 0xff, 0xff, 0xff, 0xff, 0xfe, 0xff, 0xff, 0xff, 0xe3, 0xc8, 0xae, 0xff, 0xad, 0x5a, 0x0a, 0xff, 0xaa, 0x54, 0x01, 0xff, 0xaa, 0x54, 0x01, 0xff, 0xaa, 0x54, 0x00, 0xff, 0xaa, 0x54, 0x00, 0xff, 0xaa, 0x54, 0x00, 0xff, 0xaa, 0x54, 0x00, 0xff, 0xaa, 0x54, 0x00, 0xff, 0xaa, 0x54, 0x00, 0xff, 0xaa, 0x54, 0x00, 0xff, 0x88, 0x43, 0x01, 0xff, 0x00, 0x00, 0x00, 0xff, 0x00, 0x00, 0x00, 0xff, 
  0x00, 0x00, 0x00, 0xff, 0x89, 0x43, 0x00, 0xff, 0xa9, 0x54, 0x00, 0xff, 0xa9, 0x54, 0x00, 0xff, 0xa9, 0x54, 0x00, 0xff, 0xa9, 0x54, 0x00, 0xff, 0xa9, 0x54, 0x00, 0xff, 0xa9, 0x54, 0x00, 0xff, 0xaa, 0x54, 0x00, 0xff, 0xaa, 0x54, 0x00, 0xff, 0xa9, 0x53, 0x00, 0xff, 0xaa, 0x54, 0x00, 0xff, 0xa9, 0x54, 0x00, 0xff, 0xa9, 0x54, 0x00, 0xff, 0xa9, 0x54, 0x00, 0xff, 0xaa, 0x54, 0x00, 0xff, 0xaa, 0x54, 0x00, 0xff, 0xab, 0x54, 0x00, 0xff, 0xaa, 0x54, 0x00, 0xff, 0xf5, 0xec, 0xe4, 0xff, 0xff, 0xff, 0xff, 0xff, 0xff, 0xff, 0xff, 0xff, 0xfd, 0xfa, 0xf7, 0xff, 0xb8, 0x72, 0x32, 0xff, 0xf8, 0xf1, 0xea, 0xff, 0xff, 0xff, 0xff, 0xff, 0xff, 0xff, 0xff, 0xff, 0xff, 0xff, 0xff, 0xff, 0xff, 0xff, 0xff, 0xff, 0xe6, 0xce, 0xb7, 0xff, 0xac, 0x5a, 0x0b, 0xff, 0xaa, 0x54, 0x00, 0xff, 0xaa, 0x54, 0x00, 0xff, 0xaa, 0x54, 0x00, 0xff, 0xaa, 0x54, 0x00, 0xff, 0xaa, 0x54, 0x00, 0xff, 0xaa, 0x54, 0x00, 0xff, 0xaa, 0x54, 0x00, 0xff, 0xaa, 0x54, 0x00, 0xff, 0xa9, 0x53, 0x01, 0xff, 0x0f, 0x07, 0x00, 0xff, 0x00, 0x00, 0x00, 0xff, 
  0x03, 0x01, 0x00, 0xff, 0x9f, 0x4f, 0x00, 0xff, 0xa9, 0x54, 0x00, 0xff, 0xa9, 0x54, 0x00, 0xff, 0xa9, 0x54, 0x00, 0xff, 0xa9, 0x54, 0x00, 0xff, 0xa9, 0x54, 0x00, 0xff, 0xaa, 0x54, 0x00, 0xff, 0xaa, 0x54, 0x00, 0xff, 0xab, 0x55, 0x01, 0xff, 0xc3, 0x86, 0x4f, 0xff, 0xbe, 0x7b, 0x3b, 0xff, 0xa9, 0x54, 0x00, 0xff, 0xa9, 0x54, 0x00, 0xff, 0xa9, 0x54, 0x00, 0xff, 0xaa, 0x54, 0x00, 0xff, 0xaa, 0x54, 0x00, 0xff, 0xaa, 0x54, 0x00, 0xff, 0xab, 0x54, 0x00, 0xff, 0xf5, 0xec, 0xe5, 0xff, 0xff, 0xff, 0xff, 0xff, 0xff, 0xff, 0xff, 0xff, 0xfd, 0xfa, 0xf8, 0xff, 0xad, 0x58, 0x07, 0xff, 0xbb, 0x73, 0x2f, 0xff, 0xf7, 0xef, 0xe8, 0xff, 0xff, 0xff, 0xff, 0xff, 0xff, 0xff, 0xff, 0xff, 0xff, 0xff, 0xff, 0xff, 0xfe, 0xfe, 0xff, 0xff, 0xe7, 0xd1, 0xbc, 0xff, 0xae, 0x5c, 0x0d, 0xff, 0xaa, 0x54, 0x00, 0xff, 0xaa, 0x54, 0x00, 0xff, 0xaa, 0x54, 0x00, 0xff, 0xaa, 0x54, 0x00, 0xff, 0xaa, 0x54, 0x00, 0xff, 0xaa, 0x53, 0x00, 0xff, 0xaa, 0x54, 0x00, 0xff, 0xab, 0x54, 0x00, 0xff, 0x37, 0x1b, 0x01, 0xff, 0x00, 0x00, 0x00, 0xff, 
  0x0e, 0x07, 0x00, 0xff, 0xa8, 0x53, 0x00, 0xff, 0xa8, 0x54, 0x00, 0xff, 0xa9, 0x54, 0x00, 0xff, 0xa9, 0x54, 0x00, 0xff, 0xa9, 0x54, 0x00, 0xff, 0xaa, 0x54, 0x00, 0xff, 0xaa, 0x54, 0x00, 0xff, 0xaa, 0x54, 0x01, 0xff, 0xc3, 0x88, 0x51, 0xff, 0xfc, 0xfa, 0xf9, 0xff, 0xf9, 0xf5, 0xf1, 0xff, 0xba, 0x7a, 0x3c, 0xff, 0xaa, 0x54, 0x00, 0xff, 0xaa, 0x54, 0x00, 0xff, 0xaa, 0x54, 0x00, 0xff, 0xaa, 0x54, 0x00, 0xff, 0xaa, 0x54, 0x00, 0xff, 0xaa, 0x54, 0x00, 0xff, 0xf6, 0xed, 0xe5, 0xff, 0xff, 0xff, 0xff, 0xff, 0xff, 0xff, 0xff, 0xff, 0xfd, 0xfb, 0xf9, 0xff, 0xad, 0x58, 0x07, 0xff, 0xa8, 0x53, 0x01, 0xff, 0xb8, 0x74, 0x32, 0xff, 0xf8, 0xf1, 0xea, 0xff, 0xff, 0xff, 0xff, 0xff, 0xff, 0xff, 0xff, 0xff, 0xfe, 0xff, 0xff, 0xff, 0xfe, 0xfe, 0xfe, 0xff, 0xeb, 0xd7, 0xc4, 0xff, 0xae, 0x5d, 0x0f, 0xff, 0xaa, 0x54, 0x00, 0xff, 0xaa, 0x54, 0x00, 0xff, 0xaa, 0x54, 0x00, 0xff, 0xaa, 0x54, 0x00, 0xff, 0xaa, 0x54, 0x00, 0xff, 0xaa, 0x54, 0x00, 0xff, 0xaa, 0x54, 0x00, 0xff, 0x5c, 0x2d, 0x01, 0xff, 0x00, 0x00, 0x00, 0xff, 
  0x1d, 0x0f, 0x00, 0xff, 0xa8, 0x53, 0x00, 0xff, 0xa9, 0x54, 0x00, 0xff, 0xa9, 0x54, 0x00, 0xff, 0xa9, 0x54, 0x00, 0xff, 0xa9, 0x54, 0x00, 0xff, 0xa9, 0x54, 0x00, 0xff, 0xaa, 0x54, 0x00, 0xff, 0xc9, 0x8e, 0x57, 0xff, 0xfc, 0xfa, 0xf9, 0xff, 0xfe, 0xff, 0xff, 0xff, 0xfe, 0xff, 0xff, 0xff, 0xfa, 0xf6, 0xf2, 0xff, 0xc0, 0x80, 0x41, 0xff, 0xaa, 0x54, 0x00, 0xff, 0xaa, 0x54, 0x00, 0xff, 0xaa, 0x54, 0x00, 0xff, 0xaa, 0x54, 0x00, 0xff, 0xaa, 0x53, 0x00, 0xff, 0xf5, 0xed, 0xe5, 0xff, 0xff, 0xff, 0xff, 0xff, 0xff, 0xff, 0xff, 0xff, 0xfd, 0xfb, 0xf8, 0xff, 0xab, 0x57, 0x06, 0xff, 0xaa, 0x53, 0x00, 0xff, 0xab, 0x55, 0x01, 0xff, 0xbb, 0x75, 0x32, 0xff, 0xf6, 0xef, 0xe6, 0xff, 0xff, 0xff, 0xff, 0xff, 0xfe, 0xff, 0xff, 0xff, 0xfe, 0xfe, 0xfe, 0xff, 0xfe, 0xfe, 0xfe, 0xff, 0xea, 0xd8, 0xc6, 0xff, 0xb0, 0x60, 0x12, 0xff, 0xaa, 0x54, 0x00, 0xff, 0xaa, 0x54, 0x00, 0xff, 0xa9, 0x53, 0x00, 0xff, 0xa9, 0x54, 0x00, 0xff, 0xa9, 0x54, 0x00, 0xff, 0xaa, 0x54, 0x00, 0xff, 0x7d, 0x3e, 0x01, 0xff, 0x00, 0x00, 0x00, 0xff, 
  0x2a, 0x15, 0x00, 0xff, 0xa8, 0x53, 0x00, 0xff, 0xa9, 0x53, 0x00, 0xff, 0xa9, 0x54, 0x00, 0xff, 0xa9, 0x54, 0x00, 0xff, 0xa9, 0x54, 0x00, 0xff, 0xaa, 0x54, 0x00, 0xff, 0xaa, 0x56, 0x04, 0xff, 0xee, 0xdc, 0xc9, 0xff, 0xff, 0xff, 0xff, 0xff, 0xff, 0xff, 0xff, 0xff, 0xff, 0xff, 0xff, 0xff, 0xff, 0xff, 0xff, 0xff, 0xfb, 0xf7, 0xf4, 0xff, 0xbd, 0x7e, 0x42, 0xff, 0xa9, 0x54, 0x00, 0xff, 0xaa, 0x54, 0x00, 0xff, 0xaa, 0x54, 0x00, 0xff, 0xaa, 0x53, 0x00, 0xff, 0xf5, 0xed, 0xe5, 0xff, 0xff, 0xff, 0xff, 0xff, 0xff, 0xff, 0xff, 0xff, 0xfd, 0xfb, 0xf8, 0xff, 0xaa, 0x56, 0x06, 0xff, 0xab, 0x54, 0x00, 0xff, 0xab, 0x55, 0x01, 0xff, 0xa9, 0x54, 0x01, 0xff, 0xc8, 0x93, 0x60, 0xff, 0xff, 0xff, 0xff, 0xff, 0xff, 0xff, 0xff, 0xff, 0xfe, 0xff, 0xfe, 0xff, 0xfe, 0xff, 0xfe, 0xff, 0xff, 0xff, 0xff, 0xff, 0xd3, 0xa8, 0x7c, 0xff, 0xa9, 0x54, 0x00, 0xff, 0xa9, 0x54, 0x00, 0xff, 0xa9, 0x54, 0x00, 0xff, 0xa9, 0x54, 0x00, 0xff, 0xa9, 0x54, 0x00, 0xff, 0xaa, 0x54, 0x00, 0xff, 0x9b, 0x4c, 0x01, 0xff, 0x01, 0x01, 0x00, 0xff, 
  0x38, 0x1b, 0x00, 0xff, 0xa8, 0x53, 0x00, 0xff, 0xa9, 0x54, 0x00, 0xff, 0xa9, 0x54, 0x00, 0xff, 0xa9, 0x54, 0x00, 0xff, 0xa9, 0x54, 0x00, 0xff, 0xa9, 0x54, 0x00, 0xff, 0xaa, 0x54, 0x00, 0xff, 0xb0, 0x62, 0x14, 0xff, 0xec, 0xdb, 0xc8, 0xff, 0xff, 0xff, 0xff, 0xff, 0xff, 0xff, 0xff, 0xff, 0xff, 0xff, 0xff, 0xff, 0xff, 0xff, 0xff, 0xff, 0xfa, 0xf8, 0xf5, 0xff, 0xc2, 0x83, 0x47, 0xff, 0xab, 0x55, 0x01, 0xff, 0xaa, 0x53, 0x00, 0xff, 0xaa, 0x53, 0x00, 0xff, 0xf5, 0xed, 0xe5, 0xff, 0xff, 0xff, 0xff, 0xff, 0xff, 0xff, 0xff, 0xff, 0xfd, 0xfb, 0xf8, 0xff, 0xab, 0x56, 0x06, 0xff, 0xa9, 0x53, 0x00, 0xff, 0xab, 0x55, 0x01, 0xff, 0xbd, 0x79, 0x39, 0xff, 0xf8, 0xf2, 0xed, 0xff, 0xff, 0xff, 0xff, 0xff, 0xfe, 0xff, 0xff, 0xff, 0xfe, 0xff, 0xff, 0xff, 0xfe, 0xff, 0xfe, 0xff, 0xdd, 0xbc, 0x99, 0xff, 0xab, 0x57, 0x05, 0xff, 0xaa, 0x54, 0x00, 0xff, 0xa9, 0x54, 0x00, 0xff, 0xa9, 0x54, 0x00, 0xff, 0xa9, 0x54, 0x00, 0xff, 0xa9, 0x54, 0x00, 0xff, 0xaa, 0x54, 0x00, 0xff, 0xaa, 0x54, 0x01, 0xff, 0x0c, 0x06, 0x00, 0xff, 
  0x43, 0x21, 0x00, 0xff, 0xa9, 0x53, 0x00, 0xff, 0xa9, 0x54, 0x00, 0xff, 0xa9, 0x54, 0x00, 0xff, 0xa9, 0x54, 0x00, 0xff, 0xa9, 0x54, 0x00, 0xff, 0xa9, 0x54, 0x00, 0xff, 0xaa, 0x54, 0x00, 0xff, 0xa9, 0x54, 0x00, 0xff, 0xaf, 0x60, 0x12, 0xff, 0xed, 0xda, 0xc8, 0xff, 0xff, 0xff, 0xff, 0xff, 0xff, 0xff, 0xff, 0xff, 0xff, 0xff, 0xff, 0xff, 0xff, 0xff, 0xff, 0xff, 0xfc, 0xf9, 0xf7, 0xff, 0xc1, 0x84, 0x4a, 0xff, 0xa9, 0x52, 0x01, 0xff, 0xac, 0x54, 0x01, 0xff, 0xf6, 0xed, 0xe5, 0xff, 0xff, 0xff, 0xff, 0xff, 0xff, 0xff, 0xff, 0xff, 0xfd, 0xfb, 0xf9, 0xff, 0xac, 0x57, 0x06, 0xff, 0xa7, 0x52, 0x00, 0xff, 0xbc, 0x78, 0x3a, 0xff, 0xfa, 0xf5, 0xf0, 0xff, 0xff, 0xff, 0xff, 0xff, 0xfe, 0xfe, 0xff, 0xff, 0xfe, 0xff, 0xff, 0xff, 0xff, 0xff, 0xff, 0xff, 0xdd, 0xba, 0x98, 0xff, 0xaa, 0x56, 0x04, 0xff, 0xaa, 0x54, 0x01, 0xff, 0xaa, 0x54, 0x00, 0xff, 0xa9, 0x54, 0x00, 0xff, 0xa9, 0x54, 0x00, 0xff, 0xa9, 0x53, 0x00, 0xff, 0xa9, 0x53, 0x00, 0xff, 0xa9, 0x54, 0x00, 0xff, 0xaa, 0x54, 0x00, 0xff, 0x24, 0x12, 0x01, 0xff, 
  0x4d, 0x26, 0x00, 0xff, 0xa8, 0x53, 0x00, 0xff, 0xa9, 0x54, 0x00, 0xff, 0xa9, 0x54, 0x00, 0xff, 0xa9, 0x54, 0x00, 0xff, 0xa9, 0x54, 0x00, 0xff, 0xa9, 0x54, 0x00, 0xff, 0xa9, 0x54, 0x00, 0xff, 0xaa, 0x54, 0x00, 0xff, 0xaa, 0x54, 0x01, 0xff, 0xb0, 0x5f, 0x11, 0xff, 0xeb, 0xd6, 0xc1, 0xff, 0xff, 0xff, 0xff, 0xff, 0xff, 0xff, 0xff, 0xff, 0xff, 0xff, 0xff, 0xff, 0xff, 0xff, 0xff, 0xff, 0xfb, 0xf9, 0xf7, 0xff, 0xc5, 0x88, 0x4e, 0xff, 0xad, 0x55, 0x01, 0xff, 0xf6, 0xec, 0xe4, 0xff, 0xff, 0xff, 0xff, 0xff, 0xff, 0xff, 0xff, 0xff, 0xfd, 0xfa, 0xf8, 0xff, 0xac, 0x56, 0x05, 0xff, 0xbf, 0x7c, 0x3e, 0xff, 0xf9, 0xf3, 0xef, 0xff, 0xfe, 0xff, 0xff, 0xff, 0xfe, 0xfe, 0xfe, 0xff, 0xfe, 0xff, 0xff, 0xff, 0xfe, 0xff, 0xff, 0xff, 0xdb, 0xb7, 0x93, 0xff, 0xab, 0x56, 0x04, 0xff, 0xaa, 0x55, 0x00, 0xff, 0xaa, 0x54, 0x00, 0xff, 0xaa, 0x54, 0x00, 0xff, 0xa9, 0x54, 0x00, 0xff, 0xa9, 0x54, 0x00, 0xff, 0xa9, 0x53, 0x00, 0xff, 0xa9, 0x53, 0x00, 0xff, 0xa9, 0x53, 0x00, 0xff, 0xaa, 0x54, 0x01, 0xff, 0x3b, 0x1d, 0x01, 0xff, 
  0x5a, 0x2d, 0x00, 0xff, 0xa8, 0x53, 0x00, 0xff, 0xa9, 0x54, 0x00, 0xff, 0xa9, 0x54, 0x00, 0xff, 0xa9, 0x54, 0x00, 0xff, 0xa9, 0x54, 0x00, 0xff, 0xa9, 0x54, 0x00, 0xff, 0xa9, 0x54, 0x00, 0xff, 0xaa, 0x54, 0x00, 0xff, 0xaa, 0x54, 0x01, 0xff, 0xaa, 0x54, 0x01, 0xff, 0xae, 0x5d, 0x0e, 0xff, 0xea, 0xd6, 0xc0, 0xff, 0xff, 0xff, 0xff, 0xff, 0xff, 0xff, 0xff, 0xff, 0xff, 0xff, 0xff, 0xff, 0xff, 0xff, 0xff, 0xff, 0xfc, 0xfa, 0xf8, 0xff, 0xc3, 0x87, 0x50, 0xff, 0xf6, 0xed, 0xe4, 0xff, 0xff, 0xff, 0xff, 0xff, 0xff, 0xff, 0xff, 0xff, 0xfd, 0xfb, 0xf8, 0xff, 0xc0, 0x7e, 0x43, 0xff, 0xfa, 0xf6, 0xf2, 0xff, 0xff, 0xff, 0xff, 0xff, 0xfe, 0xfe, 0xfe, 0xff, 0xfe, 0xff, 0xfe, 0xff, 0xff, 0xff, 0xff, 0xff, 0xdb, 0xb6, 0x91, 0xff, 0xaa, 0x55, 0x03, 0xff, 0xaa, 0x54, 0x00, 0xff, 0xaa, 0x54, 0x00, 0xff, 0xaa, 0x54, 0x00, 0xff, 0xaa, 0x54, 0x00, 0xff, 0xa9, 0x54, 0x00, 0xff, 0xa9, 0x53, 0x00, 0xff, 0xa9, 0x53, 0x00, 0xff, 0xa9, 0x53, 0x00, 0xff, 0xa9, 0x53, 0x00, 0xff, 0xaa, 0x54, 0x01, 0xff, 0x4e, 0x26, 0x01, 0xff, 
  0x63, 0x31, 0x00, 0xff, 0xa8, 0x53, 0x00, 0xff, 0xa9, 0x54, 0x00, 0xff, 0xa9, 0x54, 0x00, 0xff, 0xa9, 0x54, 0x00, 0xff, 0xa8, 0x54, 0x00, 0xff, 0xa9, 0x54, 0x00, 0xff, 0xa9, 0x54, 0x00, 0xff, 0xa9, 0x54, 0x00, 0xff, 0xa9, 0x54, 0x00, 0xff, 0xaa, 0x54, 0x01, 0xff, 0xaa, 0x54, 0x00, 0xff, 0xaf, 0x5e, 0x0e, 0xff, 0xe9, 0xd4, 0xbd, 0xff, 0xff, 0xff, 0xff, 0xff, 0xff, 0xff, 0xff, 0xff, 0xff, 0xff, 0xff, 0xff, 0xff, 0xff, 0xff, 0xff, 0xfd, 0xfb, 0xf9, 0xff, 0xfc, 0xfa, 0xf8, 0xff, 0xff, 0xff, 0xff, 0xff, 0xff, 0xff, 0xff, 0xff, 0xfe, 0xfe, 0xfd, 0xff, 0xfb, 0xf7, 0xf4, 0xff, 0xff, 0xff, 0xff, 0xff, 0xfe, 0xff, 0xfe, 0xff, 0xfe, 0xff, 0xfe, 0xff, 0xfe, 0xff, 0xfe, 0xff, 0xda, 0xb4, 0x8d, 0xff, 0xab, 0x56, 0x03, 0xff, 0xaa, 0x54, 0x00, 0xff, 0xaa, 0x54, 0x00, 0xff, 0xaa, 0x54, 0x00, 0xff, 0xaa, 0x54, 0x00, 0xff, 0xaa, 0x54, 0x00, 0xff, 0xa9, 0x54, 0x00, 0xff, 0xa9, 0x54, 0x00, 0xff, 0xa9, 0x53, 0x00, 0xff, 0xa9, 0x53, 0x00, 0xff, 0xa9, 0x53, 0x00, 0xff, 0xa9, 0x53, 0x00, 0xff, 0x5d, 0x2e, 0x01, 0xff, 
  0x6d, 0x36, 0x00, 0xff, 0xa8, 0x53, 0x00, 0xff, 0xa9, 0x53, 0x00, 0xff, 0xa8, 0x54, 0x00, 0xff, 0xa8, 0x53, 0x00, 0xff, 0xa9, 0x53, 0x00, 0xff, 0xa9, 0x54, 0x00, 0xff, 0xa9, 0x54, 0x00, 0xff, 0xa9, 0x54, 0x00, 0xff, 0xa9, 0x54, 0x00, 0xff, 0xaa, 0x54, 0x00, 0xff, 0xaa, 0x54, 0x00, 0xff, 0xaa, 0x54, 0x00, 0xff, 0xad, 0x5b, 0x0c, 0xff, 0xe8, 0xd2, 0xbb, 0xff, 0xff, 0xff, 0xff, 0xff, 0xff, 0xff, 0xff, 0xff, 0xff, 0xff, 0xff, 0xff, 0xff, 0xff, 0xff, 0xff, 0xff, 0xff, 0xff, 0xff, 0xff, 0xff, 0xff, 0xff, 0xff, 0xff, 0xff, 0xff, 0xff, 0xff, 0xff, 0xff, 0xff, 0xff, 0xff, 0xff, 0xfe, 0xff, 0xfe, 0xff, 0xfe, 0xff, 0xfe, 0xff, 0xff, 0xff, 0xfe, 0xff, 0xd8, 0xb0, 0x88, 0xff, 0xaa, 0x55, 0x02, 0xff, 0xaa, 0x54, 0x00, 0xff, 0xa9, 0x54, 0x00, 0xff, 0xaa, 0x54, 0x00, 0xff, 0xaa, 0x54, 0x00, 0xff, 0xa9, 0x54, 0x00, 0xff, 0xa9, 0x54, 0x00, 0xff, 0xa9, 0x54, 0x00, 0xff, 0xa9, 0x54, 0x00, 0xff, 0xa9, 0x54, 0x00, 0xff, 0xa9, 0x53, 0x00, 0xff, 0xa9, 0x53, 0x00, 0xff, 0xa9, 0x53, 0x00, 0xff, 0x6c, 0x36, 0x01, 0xff, 
  0x74, 0x39, 0x00, 0xff, 0xa8, 0x53, 0x00, 0xff, 0xa8, 0x54, 0x00, 0xff, 0xa8, 0x54, 0x00, 0xff, 0xa8, 0x54, 0x00, 0xff, 0xa9, 0x54, 0x00, 0xff, 0xa9, 0x54, 0x00, 0xff, 0xa9, 0x54, 0x00, 0xff, 0xa9, 0x54, 0x00, 0xff, 0xa9, 0x54, 0x00, 0xff, 0xa9, 0x54, 0x00, 0xff, 0xaa, 0x54, 0x00, 0xff, 0xaa, 0x54, 0x00, 0xff, 0xa9, 0x54, 0x00, 0xff, 0xae, 0x5c, 0x0c, 0xff, 0xe8, 0xcf, 0xb8, 0xff, 0xff, 0xff, 0xff, 0xff, 0xff, 0xff, 0xff, 0xff, 0xff, 0xff, 0xff, 0xff, 0xff, 0xff, 0xff, 0xff, 0xff, 0xff, 0xff, 0xff, 0xff, 0xff, 0xff, 0xff, 0xff, 0xff, 0xff, 0xff, 0xfe, 0xff, 0xff, 0xff, 0xfe, 0xff, 0xfe, 0xff, 0xfe, 0xfe, 0xfe, 0xff, 0xd7, 0xae, 0x86, 0xff, 0xab, 0x55, 0x03, 0xff, 0xaa, 0x54, 0x00, 0xff, 0xa9, 0x54, 0x00, 0xff, 0xa9, 0x54, 0x00, 0xff, 0xaa, 0x54, 0x00, 0xff, 0xaa, 0x54, 0x00, 0xff, 0xa9, 0x54, 0x00, 0xff, 0xa9, 0x54, 0x00, 0xff, 0xa9, 0x54, 0x00, 0xff, 0xa9, 0x54, 0x00, 0xff, 0xa9, 0x54, 0x00, 0xff, 0xa9, 0x53, 0x00, 0xff, 0xa9, 0x53, 0x00, 0xff, 0xa9, 0x54, 0x00, 0xff, 0x79, 0x3c, 0x01, 0xff, 
  0x77, 0x3a, 0x00, 0xff, 0xa8, 0x53, 0x00, 0xff, 0xa8, 0x53, 0x00, 0xff, 0xa9, 0x54, 0x00, 0xff, 0xa9, 0x54, 0x00, 0xff, 0xa9, 0x54, 0x00, 0xff, 0xa9, 0x54, 0x00, 0xff, 0xa9, 0x54, 0x00, 0xff, 0xa9, 0x54, 0x00, 0xff, 0xa9, 0x54, 0x00, 0xff, 0xa9, 0x54, 0x00, 0xff, 0xa9, 0x54, 0x00, 0xff, 0xa9, 0x54, 0x00, 0xff, 0xa9, 0x54, 0x00, 0xff, 0xa9, 0x54, 0x01, 0xff, 0xac, 0x59, 0x0a, 0xff, 0xe7, 0xcd, 0xb5, 0xff, 0xff, 0xff, 0xff, 0xff, 0xff, 0xff, 0xff, 0xff, 0xff, 0xff, 0xff, 0xff, 0xff, 0xff, 0xff, 0xff, 0xff, 0xff, 0xff, 0xff, 0xff, 0xff, 0xfe, 0xff, 0xfe, 0xff, 0xfe, 0xff, 0xfe, 0xfe, 0xfe, 0xff, 0xd6, 0xab, 0x82, 0xff, 0xa9, 0x54, 0x02, 0xff, 0xaa, 0x54, 0x00, 0xff, 0xa9, 0x54, 0x00, 0xff, 0xa9, 0x54, 0x00, 0xff, 0xa9, 0x54, 0x00, 0xff, 0xaa, 0x54, 0x00, 0xff, 0xaa, 0x54, 0x01, 0xff, 0xaa, 0x54, 0x00, 0xff, 0xa9, 0x54, 0x00, 0xff, 0xa9, 0x54, 0x00, 0xff, 0xa9, 0x54, 0x00, 0xff, 0xa9, 0x53, 0x00, 0xff, 0xa9, 0x53, 0x00, 0xff, 0xa9, 0x53, 0x00, 0xff, 0xaa, 0x54, 0x00, 0xff, 0x82, 0x40, 0x01, 0xff, 
  0x77, 0x3b, 0x00, 0xff, 0xa8, 0x53, 0x00, 0xff, 0xa8, 0x53, 0x00, 0xff, 0xa8, 0x54, 0x00, 0xff, 0xa9, 0x54, 0x00, 0xff, 0xa9, 0x54, 0x00, 0xff, 0xa9, 0x54, 0x00, 0xff, 0xa9, 0x54, 0x00, 0xff, 0xa9, 0x54, 0x00, 0xff, 0xa9, 0x54, 0x00, 0xff, 0xa9, 0x54, 0x00, 0xff, 0xa9, 0x54, 0x00, 0xff, 0xa9, 0x54, 0x00, 0xff, 0xa9, 0x54, 0x00, 0xff, 0xa9, 0x54, 0x01, 0xff, 0xa9, 0x54, 0x01, 0xff, 0xad, 0x5a, 0x0a, 0xff, 0xe4, 0xca, 0xb0, 0xff, 0xff, 0xff, 0xff, 0xff, 0xff, 0xff, 0xff, 0xff, 0xff, 0xff, 0xff, 0xff, 0xff, 0xff, 0xfe, 0xff, 0xfe, 0xff, 0xfe, 0xff, 0xfe, 0xfe, 0xfe, 0xff, 0xd3, 0xa7, 0x7d, 0xff, 0xab, 0x55, 0x03, 0xff, 0xaa, 0x54, 0x01, 0xff, 0xa9, 0x54, 0x00, 0xff, 0xa9, 0x54, 0x00, 0xff, 0xa9, 0x54, 0x00, 0xff, 0xa9, 0x54, 0x00, 0xff, 0xa9, 0x54, 0x00, 0xff, 0xaa, 0x54, 0x01, 0xff, 0xaa, 0x54, 0x00, 0xff, 0xa9, 0x54, 0x00, 0xff, 0xa9, 0x54, 0x00, 0xff, 0xa9, 0x54, 0x00, 0xff, 0xa9, 0x54, 0x00, 0xff, 0xa9, 0x54, 0x00, 0xff, 0xa9, 0x53, 0x00, 0xff, 0xaa, 0x54, 0x00, 0xff, 0x89, 0x44, 0x01, 0xff, 
  0x77, 0x3c, 0x00, 0xff, 0xa8, 0x53, 0x00, 0xff, 0xa8, 0x53, 0x00, 0xff, 0xa8, 0x54, 0x00, 0xff, 0xa9, 0x54, 0x00, 0xff, 0xa9, 0x55, 0x00, 0xff, 0xa9, 0x54, 0x00, 0xff, 0xa9, 0x54, 0x00, 0xff, 0xa9, 0x54, 0x00, 0xff, 0xa9, 0x54, 0x00, 0xff, 0xa9, 0x54, 0x00, 0xff, 0xa9, 0x54, 0x00, 0xff, 0xa9, 0x54, 0x00, 0xff, 0xa9, 0x54, 0x00, 0xff, 0xa9, 0x54, 0x01, 0xff, 0xaa, 0x54, 0x01, 0xff, 0xaa, 0x54, 0x01, 0xff, 0xcd, 0x9c, 0x6c, 0xff, 0xff, 0xff, 0xff, 0xff, 0xff, 0xff, 0xff, 0xff, 0xff, 0xff, 0xfe, 0xff, 0xff, 0xff, 0xfe, 0xff, 0xfe, 0xff, 0xfe, 0xff, 0xfe, 0xfe, 0xfd, 0xff, 0xca, 0x95, 0x63, 0xff, 0xaa, 0x54, 0x01, 0xff, 0xaa, 0x54, 0x01, 0xff, 0xaa, 0x54, 0x00, 0xff, 0xa9, 0x54, 0x00, 0xff, 0xa9, 0x54, 0x00, 0xff, 0xa9, 0x54, 0x00, 0xff, 0xa9, 0x54, 0x00, 0xff, 0xaa, 0x54, 0x00, 0xff, 0xaa, 0x54, 0x00, 0xff, 0xa9, 0x54, 0x00, 0xff, 0xa9, 0x54, 0x00, 0xff, 0xa9, 0x54, 0x00, 0xff, 0xa9, 0x54, 0x00, 0xff, 0xa9, 0x54, 0x00, 0xff, 0xa9, 0x54, 0x00, 0xff, 0xaa, 0x54, 0x00, 0xff, 0x8f, 0x47, 0x01, 0xff, 
  0x77, 0x3c, 0x00, 0xff, 0xa8, 0x53, 0x00, 0xff, 0xa8, 0x53, 0x00, 0xff, 0xa8, 0x54, 0x00, 0xff, 0xa8, 0x54, 0x00, 0xff, 0xa9, 0x54, 0x00, 0xff, 0xa9, 0x54, 0x00, 0xff, 0xa9, 0x54, 0x00, 0xff, 0xa9, 0x54, 0x00, 0xff, 0xa9, 0x54, 0x00, 0xff, 0xa9, 0x54, 0x00, 0xff, 0xa9, 0x54, 0x00, 0xff, 0xa9, 0x53, 0x00, 0xff, 0xa9, 0x53, 0x00, 0xff, 0xaa, 0x54, 0x01, 0xff, 0xaa, 0x54, 0x01, 0xff, 0xce, 0x9c, 0x6d, 0xff, 0xfe, 0xfd, 0xfc, 0xff, 0xff, 0xff, 0xff, 0xff, 0xff, 0xff, 0xff, 0xff, 0xff, 0xff, 0xff, 0xff, 0xff, 0xff, 0xfe, 0xff, 0xff, 0xff, 0xfe, 0xff, 0xfe, 0xff, 0xfe, 0xff, 0xfe, 0xfd, 0xfc, 0xff, 0xcd, 0x99, 0x68, 0xff, 0xa9, 0x54, 0x00, 0xff, 0xaa, 0x54, 0x00, 0xff, 0xaa, 0x54, 0x00, 0xff, 0xa9, 0x54, 0x00, 0xff, 0xa9, 0x54, 0x00, 0xff, 0xa9, 0x54, 0x00, 0xff, 0xaa, 0x54, 0x00, 0xff, 0xaa, 0x54, 0x00, 0xff, 0xaa, 0x54, 0x00, 0xff, 0xaa, 0x54, 0x00, 0xff, 0xa9, 0x54, 0x00, 0xff, 0xa9, 0x54, 0x00, 0xff, 0xa9, 0x54, 0x00, 0xff, 0xa9, 0x54, 0x00, 0xff, 0xaa, 0x54, 0x00, 0xff, 0x91, 0x48, 0x01, 0xff, 
  0x76, 0x3b, 0x00, 0xff, 0xa8, 0x53, 0x00, 0xff, 0xa8, 0x53, 0x00, 0xff, 0xa8, 0x54, 0x00, 0xff, 0xa9, 0x54, 0x00, 0xff, 0xa9, 0x54, 0x00, 0xff, 0xa9, 0x54, 0x00, 0xff, 0xa9, 0x54, 0x00, 0xff, 0xa9, 0x54, 0x00, 0xff, 0xa9, 0x53, 0x00, 0xff, 0xa9, 0x54, 0x00, 0xff, 0xa9, 0x54, 0x00, 0xff, 0xa9, 0x53, 0x00, 0xff, 0xa9, 0x53, 0x00, 0xff, 0xab, 0x54, 0x01, 0xff, 0xce, 0x9d, 0x6f, 0xff, 0xfe, 0xfd, 0xfd, 0xff, 0xff, 0xff, 0xff, 0xff, 0xff, 0xff, 0xff, 0xff, 0xff, 0xff, 0xff, 0xff, 0xff, 0xff, 0xff, 0xff, 0xff, 0xff, 0xff, 0xff, 0xff, 0xff, 0xff, 0xff, 0xff, 0xfe, 0xfe, 0xff, 0xfe, 0xff, 0xfe, 0xff, 0xfd, 0xfd, 0xfc, 0xff, 0xcc, 0x9a, 0x6b, 0xff, 0xaa, 0x54, 0x01, 0xff, 0xaa, 0x54, 0x00, 0xff, 0xaa, 0x54, 0x00, 0xff, 0xa9, 0x54, 0x00, 0xff, 0xa9, 0x54, 0x00, 0xff, 0xaa, 0x54, 0x00, 0xff, 0xaa, 0x54, 0x00, 0xff, 0xaa, 0x54, 0x00, 0xff, 0xa9, 0x54, 0x00, 0xff, 0xa9, 0x54, 0x00, 0xff, 0xa9, 0x54, 0x00, 0xff, 0xa9, 0x54, 0x00, 0xff, 0xa9, 0x54, 0x00, 0xff, 0xaa, 0x54, 0x00, 0xff, 0x8e, 0x46, 0x01, 0xff, 
  0x77, 0x3b, 0x01, 0xff, 0xa8, 0x53, 0x00, 0xff, 0xa8, 0x53, 0x00, 0xff, 0xa8, 0x54, 0x00, 0xff, 0xa9, 0x54, 0x00, 0xff, 0xa9, 0x54, 0x00, 0xff, 0xa8, 0x54, 0x00, 0xff, 0xa9, 0x54, 0x00, 0xff, 0xa9, 0x54, 0x00, 0xff, 0xa9, 0x54, 0x00, 0xff, 0xa9, 0x54, 0x00, 0xff, 0xa9, 0x54, 0x00, 0xff, 0xa9, 0x54, 0x01, 0xff, 0xaa, 0x54, 0x01, 0xff, 0xd0, 0x9f, 0x72, 0xff, 0xfe, 0xfe, 0xfd, 0xff, 0xff, 0xff, 0xff, 0xff, 0xff, 0xff, 0xff, 0xff, 0xff, 0xff, 0xff, 0xff, 0xff, 0xff, 0xff, 0xff, 0xff, 0xff, 0xff, 0xff, 0xff, 0xff, 0xff, 0xff, 0xff, 0xff, 0xff, 0xff, 0xff, 0xff, 0xff, 0xff, 0xfe, 0xff, 0xff, 0xff, 0xff, 0xff, 0xff, 0xff, 0xfe, 0xfe, 0xfe, 0xff, 0xce, 0x9d, 0x70, 0xff, 0xa9, 0x53, 0x00, 0xff, 0xaa, 0x54, 0x00, 0xff, 0xaa, 0x54, 0x00, 0xff, 0xa9, 0x54, 0x00, 0xff, 0xaa, 0x54, 0x01, 0xff, 0xaa, 0x54, 0x00, 0xff, 0xaa, 0x54, 0x00, 0xff, 0xa9, 0x54, 0x00, 0xff, 0xa9, 0x54, 0x00, 0xff, 0xa9, 0x53, 0x00, 0xff, 0xa9, 0x54, 0x00, 0xff, 0xaa, 0x54, 0x00, 0xff, 0xaa, 0x54, 0x00, 0xff, 0x84, 0x41, 0x01, 0xff, 
  0x75, 0x3a, 0x00, 0xff, 0xa8, 0x53, 0x00, 0xff, 0xa8, 0x53, 0x00, 0xff, 0xa9, 0x54, 0x00, 0xff, 0xa9, 0x54, 0x00, 0xff, 0xa9, 0x54, 0x00, 0xff, 0xa9, 0x54, 0x00, 0xff, 0xa9, 0x54, 0x00, 0xff, 0xa9, 0x54, 0x00, 0xff, 0xa9, 0x54, 0x00, 0xff, 0xa9, 0x54, 0x00, 0xff, 0xa9, 0x54, 0x00, 0xff, 0xaa, 0x55, 0x01, 0xff, 0xd0, 0xa1, 0x75, 0xff, 0xfe, 0xfe, 0xfd, 0xff, 0xff, 0xff, 0xff, 0xff, 0xff, 0xff, 0xff, 0xff, 0xff, 0xff, 0xff, 0xff, 0xff, 0xff, 0xff, 0xff, 0xff, 0xff, 0xff, 0xff, 0xff, 0xff, 0xff, 0xff, 0xff, 0xff, 0xff, 0xff, 0xfe, 0xfd, 0xfc, 0xff, 0xfb, 0xf6, 0xf1, 0xff, 0xff, 0xff, 0xff, 0xff, 0xff, 0xff, 0xff, 0xff, 0xff, 0xff, 0xff, 0xff, 0xfe, 0xfd, 0xfd, 0xff, 0xcf, 0xa0, 0x73, 0xff, 0xab, 0x54, 0x01, 0xff, 0xaa, 0x54, 0x00, 0xff, 0xaa, 0x54, 0x00, 0xff, 0xaa, 0x54, 0x00, 0xff, 0xaa, 0x54, 0x00, 0xff, 0xaa, 0x54, 0x00, 0xff, 0xa9, 0x54, 0x00, 0xff, 0xa9, 0x54, 0x00, 0xff, 0xa9, 0x54, 0x00, 0xff, 0xa9, 0x54, 0x00, 0xff, 0xa9, 0x54, 0x00, 0xff, 0xaa, 0x54, 0x00, 0xff, 0x7d, 0x3e, 0x01, 0xff, 
  0x6b, 0x35, 0x00, 0xff, 0xa8, 0x53, 0x00, 0xff, 0xa8, 0x53, 0x00, 0xff, 0xa8, 0x53, 0x00, 0xff, 0xa8, 0x53, 0x00, 0xff, 0xa8, 0x54, 0x00, 0xff, 0xa9, 0x54, 0x00, 0xff, 0xa9, 0x54, 0x00, 0xff, 0xa9, 0x54, 0x00, 0xff, 0xa9, 0x54, 0x00, 0xff, 0xa9, 0x54, 0x00, 0xff, 0xa9, 0x54, 0x01, 0xff, 0xd2, 0xa5, 0x7a, 0xff, 0xfe, 0xfe, 0xfe, 0xff, 0xff, 0xff, 0xff, 0xff, 0xfe, 0xff, 0xff, 0xff, 0xff, 0xff, 0xff, 0xff, 0xff, 0xff, 0xff, 0xff, 0xda, 0xb9, 0x98, 0xff, 0xf6, 0xee, 0xe7, 0xff, 0xff, 0xff, 0xff, 0xff, 0xff, 0xff, 0xff, 0xff, 0xfd, 0xfb, 0xf8, 0xff, 0xbf, 0x7f, 0x42, 0xff, 0xfa, 0xf5, 0xf1, 0xff, 0xff, 0xff, 0xff, 0xff, 0xfe, 0xff, 0xff, 0xff, 0xfe, 0xff, 0xff, 0xff, 0xfe, 0xfe, 0xfe, 0xff, 0xd1, 0xa4, 0x79, 0xff, 0xa9, 0x53, 0x01, 0xff, 0xaa, 0x54, 0x00, 0xff, 0xaa, 0x55, 0x00, 0xff, 0xaa, 0x54, 0x00, 0xff, 0xaa, 0x54, 0x00, 0xff, 0xaa, 0x54, 0x00, 0xff, 0xaa, 0x54, 0x00, 0xff, 0xa9, 0x54, 0x00, 0xff, 0xa9, 0x54, 0x00, 0xff, 0xa9, 0x54, 0x00, 0xff, 0xaa, 0x54, 0x00, 0xff, 0x70, 0x38, 0x01, 0xff, 
  0x61, 0x30, 0x00, 0xff, 0xa9, 0x53, 0x00, 0xff, 0xa8, 0x53, 0x00, 0xff, 0xa9, 0x54, 0x00, 0xff, 0xa9, 0x54, 0x00, 0xff, 0xa8, 0x54, 0x00, 0xff, 0xa9, 0x54, 0x00, 0xff, 0xa9, 0x54, 0x00, 0xff, 0xa9, 0x54, 0x00, 0xff, 0xa9, 0x54, 0x00, 0xff, 0xaa, 0x55, 0x01, 0xff, 0xd1, 0xa5, 0x7b, 0xff, 0xff, 0xfe, 0xfe, 0xff, 0xff, 0xff, 0xff, 0xff, 0xff, 0xff, 0xff, 0xff, 0xff, 0xff, 0xff, 0xff, 0xfe, 0xff, 0xfe, 0xff, 0xde, 0xbb, 0x98, 0xff, 0xad, 0x56, 0x04, 0xff, 0xf5, 0xeb, 0xe3, 0xff, 0xff, 0xff, 0xff, 0xff, 0xff, 0xff, 0xff, 0xff, 0xfd, 0xfa, 0xf7, 0xff, 0xac, 0x57, 0x06, 0xff, 0xc1, 0x7f, 0x3f, 0xff, 0xf9, 0xf5, 0xef, 0xff, 0xff, 0xff, 0xff, 0xff, 0xff, 0xff, 0xff, 0xff, 0xfe, 0xff, 0xff, 0xff, 0xfe, 0xfe, 0xfe, 0xff, 0xd1, 0xa5, 0x7b, 0xff, 0xaa, 0x55, 0x01, 0xff, 0xaa, 0x55, 0x00, 0xff, 0xaa, 0x54, 0x00, 0xff, 0xaa, 0x54, 0x00, 0xff, 0xaa, 0x54, 0x00, 0xff, 0xaa, 0x54, 0x00, 0xff, 0xaa, 0x54, 0x00, 0xff, 0xa9, 0x54, 0x00, 0xff, 0xa9, 0x54, 0x00, 0xff, 0xaa, 0x54, 0x00, 0xff, 0x61, 0x31, 0x01, 0xff, 
  0x54, 0x29, 0x00, 0xff, 0xa9, 0x53, 0x00, 0xff, 0xa9, 0x54, 0x00, 0xff, 0xa9, 0x54, 0x00, 0xff, 0xa9, 0x54, 0x00, 0xff, 0xa9, 0x54, 0x00, 0xff, 0xa9, 0x54, 0x00, 0xff, 0xa9, 0x54, 0x00, 0xff, 0xa9, 0x54, 0x00, 0xff, 0xab, 0x55, 0x02, 0xff, 0xd5, 0xa9, 0x81, 0xff, 0xff, 0xfe, 0xfe, 0xff, 0xff, 0xff, 0xff, 0xff, 0xfe, 0xff, 0xff, 0xff, 0xff, 0xff, 0xff, 0xff, 0xff, 0xff, 0xff, 0xff, 0xdb, 0xb6, 0x92, 0xff, 0xaa, 0x54, 0x03, 0xff, 0xac, 0x55, 0x02, 0xff, 0xf5, 0xed, 0xe4, 0xff, 0xff, 0xff, 0xff, 0xff, 0xff, 0xff, 0xff, 0xff, 0xfd, 0xfb, 0xf9, 0xff, 0xae, 0x59, 0x08, 0xff, 0xa8, 0x53, 0x01, 0xff, 0xbe, 0x7d, 0x3d, 0xff, 0xfb, 0xf7, 0xf2, 0xff, 0xff, 0xff, 0xff, 0xff, 0xff, 0xff, 0xff, 0xff, 0xfe, 0xff, 0xff, 0xff, 0xfe, 0xfe, 0xfe, 0xff, 0xd5, 0xab, 0x81, 0xff, 0xaa, 0x54, 0x01, 0xff, 0xaa, 0x54, 0x00, 0xff, 0xaa, 0x54, 0x00, 0xff, 0xaa, 0x54, 0x00, 0xff, 0xaa, 0x54, 0x00, 0xff, 0xaa, 0x54, 0x00, 0xff, 0xa9, 0x54, 0x00, 0xff, 0xa9, 0x54, 0x00, 0xff, 0xaa, 0x54, 0x00, 0xff, 0x4f, 0x27, 0x01, 0xff, 
  0x42, 0x20, 0x00, 0xff, 0xa8, 0x53, 0x00, 0xff, 0xa9, 0x54, 0x00, 0xff, 0xa9, 0x54, 0x00, 0xff, 0xa9, 0x54, 0x00, 0xff, 0xa9, 0x54, 0x00, 0xff, 0xaa, 0x54, 0x00, 0xff, 0xaa, 0x54, 0x00, 0xff, 0xaa, 0x54, 0x01, 0xff, 0xd3, 0xaa, 0x82, 0xff, 0xff, 0xfe, 0xfe, 0xff, 0xff, 0xff, 0xff, 0xff, 0xfe, 0xff, 0xff, 0xff, 0xff, 0xff, 0xff, 0xff, 0xff, 0xff, 0xff, 0xff, 0xdc, 0xb6, 0x91, 0xff, 0xad, 0x55, 0x03, 0xff, 0xaa, 0x53, 0x01, 0xff, 0xaa, 0x53, 0x01, 0xff, 0xf5, 0xed, 0xe5, 0xff, 0xff, 0xff, 0xff, 0xff, 0xff, 0xfe, 0xff, 0xff, 0xfd, 0xfb, 0xf9, 0xff, 0xab, 0x57, 0x07, 0xff, 0xaa, 0x54, 0x01, 0xff, 0xac, 0x55, 0x01, 0xff, 0xc1, 0x7f, 0x41, 0xff, 0xfa, 0xf5, 0xf1, 0xff, 0xff, 0xff, 0xff, 0xff, 0xfe, 0xff, 0xff, 0xff, 0xfe, 0xff, 0xff, 0xff, 0xfe, 0xfe, 0xfe, 0xff, 0xd4, 0xaa, 0x83, 0xff, 0xaa, 0x55, 0x01, 0xff, 0xaa, 0x54, 0x00, 0xff, 0xaa, 0x54, 0x00, 0xff, 0xaa, 0x54, 0x00, 0xff, 0xaa, 0x54, 0x00, 0xff, 0xaa, 0x54, 0x00, 0xff, 0xaa, 0x54, 0x00, 0xff, 0xaa, 0x54, 0x00, 0xff, 0x39, 0x1d, 0x01, 0xff, 
  0x2e, 0x17, 0x00, 0xff, 0xa9, 0x53, 0x00, 0xff, 0xa9, 0x54, 0x00, 0xff, 0xa9, 0x54, 0x00, 0xff, 0xa9, 0x54, 0x00, 0xff, 0xa9, 0x54, 0x00, 0xff, 0xaa, 0x54, 0x00, 0xff, 0xaa, 0x55, 0x02, 0xff, 0xd8, 0xb0, 0x8a, 0xff, 0xff, 0xfe, 0xfe, 0xff, 0xff, 0xff, 0xff, 0xff, 0xfe, 0xff, 0xff, 0xff, 0xff, 0xff, 0xff, 0xff, 0xff, 0xff, 0xff, 0xff, 0xd8, 0xb1, 0x8b, 0xff, 0xaa, 0x55, 0x02, 0xff, 0xaa, 0x54, 0x00, 0xff, 0xaa, 0x54, 0x00, 0xff, 0xaa, 0x53, 0x00, 0xff, 0xf5, 0xec, 0xe5, 0xff, 0xff, 0xff, 0xff, 0xff, 0xff, 0xff, 0xff, 0xff, 0xfd, 0xfb, 0xf9, 0xff, 0xaa, 0x57, 0x06, 0xff, 0xaa, 0x54, 0x01, 0xff, 0xab, 0x54, 0x00, 0xff, 0xaa, 0x53, 0x01, 0xff, 0xc8, 0x92, 0x5e, 0xff, 0xff, 0xff, 0xff, 0xff, 0xff, 0xff, 0xff, 0xff, 0xfe, 0xff, 0xff, 0xff, 0xfe, 0xfe, 0xff, 0xff, 0xff, 0xff, 0xff, 0xff, 0xd3, 0xa6, 0x7a, 0xff, 0xaa, 0x54, 0x00, 0xff, 0xaa, 0x54, 0x00, 0xff, 0xaa, 0x54, 0x00, 0xff, 0xaa, 0x54, 0x00, 0xff, 0xa9, 0x54, 0x00, 0xff, 0xaa, 0x54, 0x00, 0xff, 0xab, 0x54, 0x00, 0xff, 0x1f, 0x0f, 0x01, 0xff, 
  0x17, 0x0c, 0x00, 0xff, 0xa8, 0x53, 0x00, 0xff, 0xa9, 0x53, 0x00, 0xff, 0xa9, 0x54, 0x00, 0xff, 0xa9, 0x54, 0x00, 0xff, 0xa9, 0x54, 0x00, 0xff, 0xaa, 0x54, 0x00, 0xff, 0xab, 0x57, 0x05, 0xff, 0xe8, 0xcf, 0xb6, 0xff, 0xff, 0xff, 0xfe, 0xff, 0xfe, 0xff, 0xff, 0xff, 0xfe, 0xff, 0xff, 0xff, 0xff, 0xff, 0xff, 0xff, 0xd9, 0xb1, 0x8a, 0xff, 0xab, 0x55, 0x02, 0xff, 0xaa, 0x54, 0x00, 0xff, 0xaa, 0x54, 0x00, 0xff, 0xaa, 0x54, 0x00, 0xff, 0xaa, 0x53, 0x00, 0xff, 0xf5, 0xec, 0xe5, 0xff, 0xff, 0xff, 0xff, 0xff, 0xff, 0xff, 0xff, 0xff, 0xfd, 0xfb, 0xf9, 0xff, 0xab, 0x57, 0x07, 0xff, 0xa9, 0x53, 0x00, 0xff, 0xaa, 0x54, 0x00, 0xff, 0xb8, 0x6d, 0x25, 0xff, 0xf3, 0xe8, 0xdd, 0xff, 0xff, 0xff, 0xff, 0xff, 0xff, 0xff, 0xff, 0xff, 0xfe, 0xff, 0xff, 0xff, 0xff, 0xff, 0xff, 0xff, 0xf6, 0xee, 0xe5, 0xff, 0xb9, 0x72, 0x2a, 0xff, 0xaa, 0x54, 0x00, 0xff, 0xaa, 0x54, 0x00, 0xff, 0xaa, 0x54, 0x00, 0xff, 0xaa, 0x54, 0x00, 0xff, 0xa9, 0x54, 0x00, 0xff, 0xaa, 0x54, 0x00, 0xff, 0xa6, 0x52, 0x01, 0xff, 0x07, 0x03, 0x00, 0xff, 
  0x03, 0x02, 0x00, 0xff, 0x9e, 0x4e, 0x00, 0xff, 0xa8, 0x53, 0x00, 0xff, 0xa9, 0x54, 0x00, 0xff, 0xa9, 0x54, 0x00, 0xff, 0xa9, 0x54, 0x00, 0xff, 0xa9, 0x54, 0x00, 0xff, 0xaa, 0x54, 0x01, 0xff, 0xae, 0x5c, 0x0b, 0xff, 0xe4, 0xcb, 0xb0, 0xff, 0xff, 0xff, 0xfe, 0xff, 0xff, 0xff, 0xfe, 0xff, 0xd4, 0xac, 0x83, 0xff, 0xab, 0x55, 0x02, 0xff, 0xaa, 0x54, 0x00, 0xff, 0xaa, 0x54, 0x00, 0xff, 0xaa, 0x54, 0x00, 0xff, 0xaa, 0x54, 0x00, 0xff, 0xaa, 0x53, 0x00, 0xff, 0xf5, 0xed, 0xe5, 0xff, 0xff, 0xff, 0xff, 0xff, 0xff, 0xff, 0xff, 0xff, 0xfd, 0xfb, 0xf9, 0xff, 0xac, 0x58, 0x07, 0xff, 0xa8, 0x52, 0x00, 0xff, 0xb3, 0x6a, 0x24, 0xff, 0xf4, 0xea, 0xe0, 0xff, 0xff, 0xff, 0xff, 0xff, 0xff, 0xff, 0xff, 0xff, 0xfe, 0xff, 0xff, 0xff, 0xff, 0xff, 0xff, 0xff, 0xf6, 0xed, 0xe4, 0xff, 0xb8, 0x6f, 0x28, 0xff, 0xaa, 0x55, 0x00, 0xff, 0xaa, 0x54, 0x00, 0xff, 0xaa, 0x54, 0x00, 0xff, 0xaa, 0x54, 0x00, 0xff, 0xaa, 0x54, 0x00, 0xff, 0xaa, 0x54, 0x00, 0xff, 0xaa, 0x54, 0x00, 0xff, 0x8b, 0x45, 0x01, 0xff, 0x00, 0x00, 0x00, 0xff, 
  0x00, 0x00, 0x00, 0xff, 0x81, 0x3f, 0x00, 0xff, 0xa8, 0x53, 0x00, 0xff, 0xa9, 0x54, 0x00, 0xff, 0xa9, 0x54, 0x00, 0xff, 0xa9, 0x54, 0x00, 0xff, 0xa9, 0x54, 0x00, 0xff, 0xa9, 0x54, 0x01, 0xff, 0xa9, 0x54, 0x01, 0xff, 0xad, 0x5b, 0x0a, 0xff, 0xe4, 0xca, 0xaf, 0xff, 0xd6, 0xac, 0x83, 0xff, 0xaa, 0x54, 0x01, 0xff, 0xa9, 0x54, 0x00, 0xff, 0xa9, 0x54, 0x00, 0xff, 0xa9, 0x54, 0x00, 0xff, 0xaa, 0x54, 0x00, 0xff, 0xaa, 0x54, 0x00, 0xff, 0xa9, 0x53, 0x00, 0xff, 0xf5, 0xed, 0xe5, 0xff, 0xff, 0xff, 0xff, 0xff, 0xff, 0xff, 0xff, 0xff, 0xfd, 0xfb, 0xf8, 0xff, 0xad, 0x57, 0x06, 0xff, 0xb9, 0x6f, 0x29, 0xff, 0xf4, 0xea, 0xe1, 0xff, 0xff, 0xff, 0xff, 0xff, 0xfe, 0xff, 0xff, 0xff, 0xfe, 0xff, 0xff, 0xff, 0xff, 0xff, 0xff, 0xff, 0xf4, 0xeb, 0xe1, 0xff, 0xb7, 0x6e, 0x26, 0xff, 0xab, 0x55, 0x01, 0xff, 0xaa, 0x54, 0x00, 0xff, 0xaa, 0x54, 0x00, 0xff, 0xaa, 0x54, 0x00, 0xff, 0xaa, 0x54, 0x00, 0xff, 0xaa, 0x54, 0x00, 0xff, 0xaa, 0x54, 0x00, 0xff, 0xaa, 0x54, 0x00, 0xff, 0x65, 0x32, 0x01, 0xff, 0x00, 0x00, 0x00, 0xff, 
  0x00, 0x00, 0x00, 0xff, 0x5a, 0x2c, 0x01, 0xff, 0xa8, 0x53, 0x00, 0xff, 0xa9, 0x54, 0x00, 0xff, 0xa9, 0x54, 0x00, 0xff, 0xa9, 0x54, 0x00, 0xff, 0xa9, 0x54, 0x00, 0xff, 0xa9, 0x54, 0x00, 0xff, 0xaa, 0x54, 0x00, 0xff, 0xaa, 0x54, 0x00, 0xff, 0xaa, 0x55, 0x03, 0xff, 0xaa, 0x54, 0x01, 0xff, 0xaa, 0x54, 0x00, 0xff, 0xa9, 0x54, 0x00, 0xff, 0xa9, 0x53, 0x00, 0xff, 0xa9, 0x53, 0x00, 0xff, 0xaa, 0x53, 0x00, 0xff, 0xaa, 0x53, 0x00, 0xff, 0xa9, 0x53, 0x00, 0xff, 0xf5, 0xec, 0xe4, 0xff, 0xff, 0xff, 0xff, 0xff, 0xff, 0xff, 0xff, 0xff, 0xfc, 0xfa, 0xf7, 0xff, 0xb7, 0x6f, 0x2d, 0xff, 0xf6, 0xed, 0xe4, 0xff, 0xff, 0xff, 0xff, 0xff, 0xfe, 0xff, 0xff, 0xff, 0xfe, 0xfe, 0xff, 0xff, 0xff, 0xff, 0xff, 0xff, 0xf5, 0xea, 0xe0, 0xff, 0xb6, 0x6c, 0x23, 0xff, 0xaa, 0x54, 0x01, 0xff, 0xaa, 0x54, 0x00, 0xff, 0xaa, 0x54, 0x00, 0xff, 0xaa, 0x54, 0x00, 0xff, 0xaa, 0x54, 0x00, 0xff, 0xaa, 0x54, 0x00, 0xff, 0xaa, 0x54, 0x00, 0xff, 0xaa, 0x54, 0x00, 0xff, 0xaa, 0x54, 0x00, 0xff, 0x38, 0x1c, 0x01, 0xff, 0x00, 0x00, 0x00, 0xff, 
  0x00, 0x00, 0x00, 0xff, 0x2a, 0x15, 0x00, 0xff, 0xa7, 0x53, 0x00, 0xff, 0xa9, 0x54, 0x00, 0xff, 0xa9, 0x54, 0x00, 0xff, 0xa9, 0x54, 0x00, 0xff, 0xa9, 0x54, 0x00, 0xff, 0xa9, 0x54, 0x00, 0xff, 0xa9, 0x54, 0x00, 0xff, 0xaa, 0x54, 0x00, 0xff, 0xaa, 0x54, 0x00, 0xff, 0xaa, 0x54, 0x00, 0xff, 0xa9, 0x54, 0x00, 0xff, 0xa9, 0x54, 0x00, 0xff, 0xa9, 0x53, 0x00, 0xff, 0xa9, 0x53, 0x00, 0xff, 0xa9, 0x53, 0x00, 0xff, 0xaa, 0x54, 0x00, 0xff, 0xaa, 0x53, 0x00, 0xff, 0xf5, 0xec, 0xe4, 0xff, 0xff, 0xff, 0xff, 0xff, 0xff, 0xff, 0xff, 0xff, 0xfe, 0xfd, 0xfc, 0xff, 0xf6, 0xee, 0xe7, 0xff, 0xff, 0xff, 0xff, 0xff, 0xfe, 0xfe, 0xfe, 0xff, 0xfe, 0xfe, 0xff, 0xff, 0xff, 0xff, 0xff, 0xff, 0xf3, 0xe8, 0xdd, 0xff, 0xb6, 0x6b, 0x21, 0xff, 0xaa, 0x54, 0x00, 0xff, 0xaa, 0x54, 0x00, 0xff, 0xaa, 0x54, 0x00, 0xff, 0xaa, 0x54, 0x00, 0xff, 0xaa, 0x54, 0x00, 0xff, 0xaa, 0x54, 0x00, 0xff, 0xaa, 0x54, 0x00, 0xff, 0xaa, 0x54, 0x00, 0xff, 0xaa, 0x54, 0x00, 0xff, 0xa5, 0x52, 0x00, 0xff, 0x0a, 0x05, 0x00, 0xff, 0x00, 0x00, 0x00, 0xff, 
  0x00, 0x00, 0x00, 0xff, 0x04, 0x02, 0x00, 0xff, 0x9b, 0x4d, 0x00, 0xff, 0xa9, 0x53, 0x00, 0xff, 0xa8, 0x54, 0x00, 0xff, 0xa9, 0x54, 0x00, 0xff, 0xa9, 0x54, 0x00, 0xff, 0xaa, 0x54, 0x00, 0xff, 0xaa, 0x54, 0x00, 0xff, 0xaa, 0x54, 0x00, 0xff, 0xaa, 0x54, 0x00, 0xff, 0xa9, 0x54, 0x00, 0xff, 0xa9, 0x54, 0x00, 0xff, 0xa9, 0x54, 0x00, 0xff, 0xa9, 0x53, 0x00, 0xff, 0xaa, 0x54, 0x00, 0xff, 0xaa, 0x54, 0x00, 0xff, 0xaa, 0x54, 0x00, 0xff, 0xaa, 0x53, 0x00, 0xff, 0xf5, 0xed, 0xe5, 0xff, 0xff, 0xff, 0xff, 0xff, 0xff, 0xff, 0xff, 0xff, 0xff, 0xff, 0xff, 0xff, 0xff, 0xff, 0xff, 0xff, 0xfe, 0xff, 0xff, 0xff, 0xfe, 0xfe, 0xff, 0xff, 0xff, 0xff, 0xff, 0xff, 0xf3, 0xe7, 0xdb, 0xff, 0xb4, 0x69, 0x1f, 0xff, 0xaa, 0x54, 0x01, 0xff, 0xaa, 0x54, 0x00, 0xff, 0xaa, 0x54, 0x00, 0xff, 0xaa, 0x54, 0x00, 0xff, 0xaa, 0x54, 0x00, 0xff, 0xaa, 0x54, 0x00, 0xff, 0xaa, 0x54, 0x00, 0xff, 0xaa, 0x54, 0x00, 0xff, 0xaa, 0x54, 0x00, 0xff, 0xaa, 0x54, 0x00, 0xff, 0x79, 0x3c, 0x00, 0xff, 0x00, 0x00, 0x00, 0xff, 0x00, 0x00, 0x00, 0xff, 
  0x00, 0x01, 0x00, 0xff, 0x00, 0x00, 0x00, 0xff, 0x62, 0x30, 0x00, 0xff, 0xa8, 0x53, 0x00, 0xff, 0xa8, 0x54, 0x00, 0xff, 0xa9, 0x55, 0x00, 0xff, 0xa9, 0x54, 0x00, 0xff, 0xaa, 0x54, 0x00, 0xff, 0xaa, 0x54, 0x00, 0xff, 0xa9, 0x54, 0x00, 0xff, 0xa9, 0x54, 0x00, 0xff, 0xa9, 0x54, 0x00, 0xff, 0xa9, 0x54, 0x00, 0xff, 0xa9, 0x54, 0x00, 0xff, 0xaa, 0x54, 0x00, 0xff, 0xaa, 0x54, 0x00, 0xff, 0xaa, 0x55, 0x00, 0xff, 0xaa, 0x54, 0x00, 0xff, 0xaa, 0x53, 0x00, 0xff, 0xf5, 0xec, 0xe4, 0xff, 0xff, 0xff, 0xff, 0xff, 0xff, 0xff, 0xff, 0xff, 0xff, 0xff, 0xff, 0xff, 0xfe, 0xff, 0xff, 0xff, 0xfe, 0xff, 0xff, 0xff, 0xfe, 0xff, 0xff, 0xff, 0xf2, 0xe6, 0xd9, 0xff, 0xb5, 0x69, 0x1d, 0xff, 0xaa, 0x55, 0x01, 0xff, 0xaa, 0x54, 0x00, 0xff, 0xaa, 0x54, 0x00, 0xff, 0xaa, 0x54, 0x00, 0xff, 0xaa, 0x55, 0x00, 0xff, 0xaa, 0x54, 0x00, 0xff, 0xaa, 0x54, 0x00, 0xff, 0xaa, 0x54, 0x00, 0xff, 0xaa, 0x54, 0x00, 0xff, 0xaa, 0x54, 0x00, 0xff, 0xaa, 0x54, 0x00, 0xff, 0x3b, 0x1d, 0x01, 0xff, 0x00, 0x00, 0x00, 0xff, 0x00, 0x00, 0x00, 0xff, 
  0x00, 0x00, 0x00, 0xff, 0x00, 0x00, 0x00, 0xff, 0x1a, 0x0c, 0x00, 0xff, 0xa4, 0x52, 0x00, 0xff, 0xa8, 0x54, 0x00, 0xff, 0xa9, 0x54, 0x00, 0xff, 0xaa, 0x54, 0x00, 0xff, 0xaa, 0x54, 0x01, 0xff, 0xaa, 0x54, 0x01, 0xff, 0xaa, 0x54, 0x01, 0xff, 0xa9, 0x54, 0x00, 0xff, 0xa9, 0x54, 0x00, 0xff, 0xaa, 0x54, 0x00, 0xff, 0xaa, 0x54, 0x00, 0xff, 0xaa, 0x54, 0x00, 0xff, 0xaa, 0x54, 0x00, 0xff, 0xaa, 0x54, 0x00, 0xff, 0xaa, 0x54, 0x00, 0xff, 0xaa, 0x53, 0x00, 0xff, 0xf5, 0xec, 0xe4, 0xff, 0xff, 0xff, 0xfe, 0xff, 0xff, 0xff, 0xff, 0xff, 0xfe, 0xff, 0xff, 0xff, 0xfe, 0xfe, 0xff, 0xff, 0xfe, 0xff, 0xff, 0xff, 0xf1, 0xe4, 0xd6, 0xff, 0xb3, 0x67, 0x1b, 0xff, 0xaa, 0x55, 0x01, 0xff, 0xaa, 0x54, 0x00, 0xff, 0xaa, 0x54, 0x00, 0xff, 0xaa, 0x54, 0x00, 0xff, 0xaa, 0x54, 0x00, 0xff, 0xaa, 0x54, 0x00, 0xff, 0xaa, 0x54, 0x00, 0xff, 0xaa, 0x54, 0x00, 0xff, 0xaa, 0x54, 0x00, 0xff, 0xaa, 0x54, 0x00, 0xff, 0xaa, 0x54, 0x00, 0xff, 0x99, 0x4b, 0x00, 0xff, 0x05, 0x02, 0x00, 0xff, 0x00, 0x00, 0x00, 0xff, 0x00, 0x00, 0x00, 0xff, 
  0x00, 0x00, 0x00, 0xff, 0x00, 0x00, 0x00, 0xff, 0x00, 0x00, 0x00, 0xff, 0x71, 0x38, 0x00, 0xff, 0xa9, 0x54, 0x00, 0xff, 0xa9, 0x54, 0x00, 0xff, 0xaa, 0x54, 0x00, 0xff, 0xaa, 0x54, 0x01, 0xff, 0xaa, 0x54, 0x01, 0xff, 0xaa, 0x54, 0x01, 0xff, 0xaa, 0x54, 0x01, 0xff, 0xaa, 0x54, 0x00, 0xff, 0xaa, 0x54, 0x00, 0xff, 0xaa, 0x54, 0x00, 0xff, 0xaa, 0x54, 0x00, 0xff, 0xaa, 0x54, 0x00, 0xff, 0xaa, 0x54, 0x00, 0xff, 0xaa, 0x54, 0x00, 0xff, 0xab, 0x54, 0x00, 0xff, 0xf5, 0xed, 0xe4, 0xff, 0xfe, 0xff, 0xfe, 0xff, 0xff, 0xfe, 0xfe, 0xff, 0xfe, 0xfe, 0xff, 0xff, 0xfe, 0xff, 0xff, 0xff, 0xf0, 0xe2, 0xd4, 0xff, 0xb3, 0x65, 0x19, 0xff, 0xab, 0x55, 0x01, 0xff, 0xaa, 0x54, 0x00, 0xff, 0xaa, 0x54, 0x00, 0xff, 0xaa, 0x54, 0x00, 0xff, 0xaa, 0x54, 0x00, 0xff, 0xaa, 0x54, 0x00, 0xff, 0xaa, 0x54, 0x00, 0xff, 0xaa, 0x54, 0x00, 0xff, 0xaa, 0x54, 0x00, 0xff, 0xaa, 0x54, 0x00, 0xff, 0xaa, 0x54, 0x00, 0xff, 0xaa, 0x54, 0x00, 0xff, 0x4f, 0x27, 0x01, 0xff, 0x00, 0x00, 0x00, 0xff, 0x00, 0x00, 0x00, 0xff, 0x00, 0x00, 0x00, 0xff, 
  0x00, 0x00, 0x00, 0xff, 0x00, 0x00, 0x00, 0xff, 0x00, 0x00, 0x00, 0xff, 0x1b, 0x0d, 0x00, 0xff, 0xa4, 0x51, 0x00, 0xff, 0xa9, 0x54, 0x01, 0xff, 0xaa, 0x54, 0x00, 0xff, 0xaa, 0x54, 0x00, 0xff, 0xaa, 0x54, 0x01, 0xff, 0xaa, 0x54, 0x01, 0xff, 0xaa, 0x54, 0x01, 0xff, 0xaa, 0x54, 0x01, 0xff, 0xaa, 0x54, 0x00, 0xff, 0xaa, 0x54, 0x00, 0xff, 0xaa, 0x54, 0x00, 0xff, 0xaa, 0x54, 0x00, 0xff, 0xaa, 0x54, 0x00, 0xff, 0xaa, 0x54, 0x00, 0xff, 0xab, 0x54, 0x00, 0xff, 0xf5, 0xec, 0xe4, 0xff, 0xfe, 0xfe, 0xfe, 0xff, 0xfe, 0xfe, 0xff, 0xff, 0xfe, 0xff, 0xff, 0xff, 0xf0, 0xe1, 0xd2, 0xff, 0xb2, 0x64, 0x18, 0xff, 0xaa, 0x54, 0x01, 0xff, 0xaa, 0x54, 0x00, 0xff, 0xaa, 0x54, 0x00, 0xff, 0xaa, 0x54, 0x00, 0xff, 0xaa, 0x54, 0x00, 0xff, 0xaa, 0x54, 0x00, 0xff, 0xaa, 0x54, 0x00, 0xff, 0xaa, 0x54, 0x00, 0xff, 0xaa, 0x54, 0x00, 0xff, 0xaa, 0x54, 0x00, 0xff, 0xaa, 0x54, 0x00, 0xff, 0xaa, 0x54, 0x00, 0xff, 0x97, 0x4a, 0x01, 0xff, 0x08, 0x04, 0x01, 0xff, 0x00, 0x00, 0x00, 0xff, 0x00, 0x00, 0x00, 0xff, 0x00, 0x00, 0x00, 0xff, 
  0x00, 0x00, 0x00, 0xff, 0x00, 0x00, 0x00, 0xff, 0x00, 0x00, 0x00, 0xff, 0x00, 0x00, 0x00, 0xff, 0x53, 0x28, 0x00, 0xff, 0xa9, 0x53, 0x00, 0xff, 0xa9, 0x54, 0x00, 0xff, 0xa9, 0x54, 0x00, 0xff, 0xaa, 0x54, 0x00, 0xff, 0xaa, 0x54, 0x00, 0xff, 0xaa, 0x54, 0x00, 0xff, 0xaa, 0x54, 0x00, 0xff, 0xaa, 0x54, 0x00, 0xff, 0xaa, 0x54, 0x00, 0xff, 0xaa, 0x54, 0x00, 0xff, 0xaa, 0x54, 0x00, 0xff, 0xaa, 0x54, 0x00, 0xff, 0xaa, 0x54, 0x00, 0xff, 0xaa, 0x54, 0x00, 0xff, 0xf5, 0xec, 0xe3, 0xff, 0xfe, 0xfe, 0xfe, 0xff, 0xfe, 0xff, 0xff, 0xff, 0xee, 0xdf, 0xcf, 0xff, 0xb1, 0x63, 0x16, 0xff, 0xaa, 0x54, 0x00, 0xff, 0xaa, 0x54, 0x00, 0xff, 0xaa, 0x54, 0x00, 0xff, 0xaa, 0x54, 0x00, 0xff, 0xaa, 0x54, 0x00, 0xff, 0xaa, 0x54, 0x00, 0xff, 0xaa, 0x54, 0x00, 0xff, 0xaa, 0x54, 0x00, 0xff, 0xaa, 0x54, 0x00, 0xff, 0xaa, 0x54, 0x00, 0xff, 0xaa, 0x54, 0x00, 0xff, 0xaa, 0x54, 0x00, 0xff, 0xaa, 0x54, 0x00, 0xff, 0x37, 0x1b, 0x01, 0xff, 0x00, 0x00, 0x00, 0xff, 0x00, 0x00, 0x00, 0xff, 0x00, 0x00, 0x00, 0xff, 0x00, 0x00, 0x00, 0xff, 
  0x00, 0x00, 0x00, 0xff, 0x00, 0x00, 0x00, 0xff, 0x00, 0x00, 0x00, 0xff, 0x00, 0x00, 0x00, 0xff, 0x03, 0x02, 0x00, 0xff, 0x83, 0x41, 0x00, 0xff, 0xa9, 0x54, 0x00, 0xff, 0xa9, 0x54, 0x00, 0xff, 0xa9, 0x54, 0x00, 0xff, 0xa9, 0x54, 0x00, 0xff, 0xa9, 0x54, 0x00, 0xff, 0xaa, 0x54, 0x00, 0xff, 0xaa, 0x54, 0x00, 0xff, 0xaa, 0x54, 0x00, 0xff, 0xaa, 0x54, 0x00, 0xff, 0xaa, 0x54, 0x00, 0xff, 0xaa, 0x54, 0x00, 0xff, 0xaa, 0x54, 0x00, 0xff, 0xaa, 0x54, 0x00, 0xff, 0xf5, 0xec, 0xe4, 0xff, 0xfe, 0xff, 0xfe, 0xff, 0xef, 0xde, 0xcd, 0xff, 0xb1, 0x62, 0x14, 0xff, 0xaa, 0x54, 0x00, 0xff, 0xaa, 0x54, 0x00, 0xff, 0xaa, 0x54, 0x00, 0xff, 0xaa, 0x54, 0x00, 0xff, 0xaa, 0x54, 0x00, 0xff, 0xaa, 0x54, 0x00, 0xff, 0xaa, 0x54, 0x00, 0xff, 0xaa, 0x54, 0x00, 0xff, 0xaa, 0x54, 0x00, 0xff, 0xaa, 0x55, 0x00, 0xff, 0xaa, 0x55, 0x00, 0xff, 0xaa, 0x54, 0x00, 0xff, 0xaa, 0x54, 0x00, 0xff, 0x69, 0x34, 0x01, 0xff, 0x00, 0x01, 0x00, 0xff, 0x00, 0x00, 0x00, 0xff, 0x00, 0x00, 0x00, 0xff, 0x00, 0x00, 0x00, 0xff, 0x00, 0x00, 0x00, 0xff, 
  0x00, 0x00, 0x00, 0xff, 0x00, 0x00, 0x00, 0xff, 0x00, 0x00, 0x00, 0xff, 0x00, 0x00, 0x00, 0xff, 0x00, 0x00, 0x00, 0xff, 0x10, 0x08, 0x00, 0xff, 0x92, 0x48, 0x00, 0xff, 0xa9, 0x54, 0x00, 0xff, 0xa9, 0x54, 0x00, 0xff, 0xa9, 0x54, 0x00, 0xff, 0xa9, 0x55, 0x00, 0xff, 0xa9, 0x54, 0x00, 0xff, 0xaa, 0x54, 0x00, 0xff, 0xaa, 0x54, 0x00, 0xff, 0xaa, 0x54, 0x00, 0xff, 0xaa, 0x54, 0x00, 0xff, 0xaa, 0x54, 0x00, 0xff, 0xaa, 0x54, 0x00, 0xff, 0xab, 0x54, 0x01, 0xff, 0xf6, 0xee, 0xe6, 0xff, 0xeb, 0xdb, 0xc9, 0xff, 0xaf, 0x60, 0x12, 0xff, 0xaa, 0x54, 0x00, 0xff, 0xaa, 0x54, 0x00, 0xff, 0xaa, 0x54, 0x00, 0xff, 0xaa, 0x54, 0x00, 0xff, 0xaa, 0x54, 0x00, 0xff, 0xaa, 0x54, 0x00, 0xff, 0xaa, 0x54, 0x00, 0xff, 0xaa, 0x54, 0x00, 0xff, 0xaa, 0x54, 0x00, 0xff, 0xaa, 0x55, 0x00, 0xff, 0xaa, 0x54, 0x00, 0xff, 0xaa, 0x54, 0x00, 0xff, 0xaa, 0x54, 0x00, 0xff, 0x81, 0x3f, 0x01, 0xff, 0x06, 0x03, 0x00, 0xff, 0x00, 0x00, 0x00, 0xff, 0x00, 0x00, 0x00, 0xff, 0x00, 0x00, 0x00, 0xff, 0x00, 0x00, 0x00, 0xff, 0x00, 0x00, 0x00, 0xff, 
  0x00, 0x00, 0x00, 0xff, 0x00, 0x00, 0x00, 0xff, 0x00, 0x00, 0x00, 0xff, 0x00, 0x00, 0x00, 0xff, 0x00, 0x00, 0x00, 0xff, 0x00, 0x00, 0x00, 0xff, 0x14, 0x0a, 0x00, 0xff, 0x8e, 0x46, 0x00, 0xff, 0xa9, 0x54, 0x00, 0xff, 0xa9, 0x54, 0x00, 0xff, 0xaa, 0x54, 0x00, 0xff, 0xaa, 0x54, 0x00, 0xff, 0xaa, 0x54, 0x00, 0xff, 0xaa, 0x54, 0x00, 0xff, 0xaa, 0x54, 0x00, 0xff, 0xaa, 0x54, 0x00, 0xff, 0xab, 0x54, 0x00, 0xff, 0xab, 0x54, 0x00, 0xff, 0xa9, 0x53, 0x00, 0xff, 0xe3, 0xc8, 0xad, 0xff, 0xb2, 0x62, 0x12, 0xff, 0xaa, 0x54, 0x00, 0xff, 0xaa, 0x54, 0x00, 0xff, 0xaa, 0x54, 0x00, 0xff, 0xaa, 0x54, 0x00, 0xff, 0xaa, 0x54, 0x00, 0xff, 0xaa, 0x54, 0x00, 0xff, 0xaa, 0x54, 0x00, 0xff, 0xaa, 0x54, 0x00, 0xff, 0xaa, 0x54, 0x00, 0xff, 0xaa, 0x54, 0x00, 0xff, 0xaa, 0x54, 0x00, 0xff, 0xaa, 0x54, 0x00, 0xff, 0xaa, 0x54, 0x00, 0xff, 0x7e, 0x3e, 0x01, 0xff, 0x0a, 0x05, 0x01, 0xff, 0x00, 0x00, 0x00, 0xff, 0x00, 0x00, 0x00, 0xff, 0x00, 0x00, 0x00, 0xff, 0x00, 0x00, 0x00, 0xff, 0x00, 0x00, 0x00, 0xff, 0x00, 0x00, 0x00, 0xff, 
  0x00, 0x00, 0x00, 0xff, 0x00, 0x00, 0x00, 0xff, 0x00, 0x00, 0x00, 0xff, 0x00, 0x00, 0x00, 0xff, 0x00, 0x00, 0x00, 0xff, 0x00, 0x00, 0x00, 0xff, 0x00, 0x00, 0x00, 0xff, 0x0c, 0x06, 0x00, 0xff, 0x75, 0x3a, 0x00, 0xff, 0xa8, 0x53, 0x00, 0xff, 0xa9, 0x53, 0x00, 0xff, 0xaa, 0x54, 0x00, 0xff, 0xaa, 0x54, 0x00, 0xff, 0xaa, 0x54, 0x00, 0xff, 0xaa, 0x54, 0x00, 0xff, 0xaa, 0x54, 0x00, 0xff, 0xaa, 0x53, 0x00, 0xff, 0xab, 0x54, 0x00, 0xff, 0xaa, 0x54, 0x00, 0xff, 0xab, 0x57, 0x06, 0xff, 0xab, 0x55, 0x00, 0xff, 0xab, 0x54, 0x00, 0xff, 0xaa, 0x54, 0x00, 0xff, 0xaa, 0x54, 0x00, 0xff, 0xaa, 0x54, 0x00, 0xff, 0xaa, 0x54, 0x00, 0xff, 0xaa, 0x54, 0x00, 0xff, 0xaa, 0x54, 0x00, 0xff, 0xaa, 0x54, 0x00, 0xff, 0xaa, 0x54, 0x00, 0xff, 0xaa, 0x54, 0x00, 0xff, 0xaa, 0x54, 0x00, 0xff, 0xa9, 0x53, 0x00, 0xff, 0x5f, 0x2e, 0x01, 0xff, 0x04, 0x02, 0x00, 0xff, 0x00, 0x00, 0x00, 0xff, 0x00, 0x00, 0x00, 0xff, 0x00, 0x00, 0x00, 0xff, 0x00, 0x00, 0x00, 0xff, 0x00, 0x00, 0x00, 0xff, 0x00, 0x00, 0x00, 0xff, 0x00, 0x00, 0x00, 0xff, 
  0x00, 0x00, 0x00, 0xff, 0x00, 0x00, 0x00, 0xff, 0x00, 0x00, 0x00, 0xff, 0x00, 0x00, 0x00, 0xff, 0x00, 0x00, 0x00, 0xff, 0x00, 0x00, 0x00, 0xff, 0x00, 0x00, 0x00, 0xff, 0x00, 0x00, 0x00, 0xff, 0x01, 0x00, 0x00, 0xff, 0x39, 0x1c, 0x01, 0xff, 0x91, 0x47, 0x00, 0xff, 0xa9, 0x54, 0x00, 0xff, 0xa9, 0x54, 0x00, 0xff, 0xaa, 0x54, 0x00, 0xff, 0xaa, 0x54, 0x00, 0xff, 0xaa, 0x54, 0x00, 0xff, 0xaa, 0x54, 0x00, 0xff, 0xaa, 0x54, 0x00, 0xff, 0xab, 0x55, 0x00, 0xff, 0xaa, 0x55, 0x00, 0xff, 0xaa, 0x54, 0x00, 0xff, 0xaa, 0x54, 0x00, 0xff, 0xaa, 0x54, 0x00, 0xff, 0xaa, 0x54, 0x00, 0xff, 0xaa, 0x54, 0x00, 0xff, 0xaa, 0x54, 0x00, 0xff, 0xaa, 0x54, 0x00, 0xff, 0xaa, 0x54, 0x00, 0xff, 0xaa, 0x54, 0x00, 0xff, 0xaa, 0x54, 0x00, 0xff, 0xa9, 0x53, 0x00, 0xff, 0x7f, 0x3e, 0x01, 0xff, 0x27, 0x13, 0x01, 0xff, 0x00, 0x00, 0x00, 0xff, 0x00, 0x00, 0x00, 0xff, 0x00, 0x00, 0x00, 0xff, 0x00, 0x00, 0x00, 0xff, 0x00, 0x00, 0x00, 0xff, 0x00, 0x00, 0x00, 0xff, 0x00, 0x00, 0x00, 0xff, 0x00, 0x00, 0x00, 0xff, 0x00, 0x00, 0x00, 0xff, 
  0x00, 0x00, 0x00, 0xff, 0x00, 0x00, 0x00, 0xff, 0x00, 0x00, 0x00, 0xff, 0x00, 0x00, 0x00, 0xff, 0x00, 0x00, 0x00, 0xff, 0x00, 0x01, 0x00, 0xff, 0x00, 0x01, 0x00, 0xff, 0x00, 0x00, 0x00, 0xff, 0x00, 0x00, 0x00, 0xff, 0x00, 0x00, 0x00, 0xff, 0x04, 0x02, 0x00, 0xff, 0x3a, 0x1d, 0x00, 0xff, 0x78, 0x3c, 0x00, 0xff, 0xa3, 0x51, 0x00, 0xff, 0xaa, 0x54, 0x00, 0xff, 0xaa, 0x54, 0x00, 0xff, 0xaa, 0x54, 0x00, 0xff, 0xaa, 0x54, 0x00, 0xff, 0xaa, 0x54, 0x00, 0xff, 0xab, 0x54, 0x00, 0xff, 0xaa, 0x54, 0x00, 0xff, 0xaa, 0x54, 0x00, 0xff, 0xa9, 0x54, 0x00, 0xff, 0xaa, 0x54, 0x00, 0xff, 0xaa, 0x54, 0x00, 0xff, 0xaa, 0x54, 0x00, 0xff, 0xa8, 0x54, 0x00, 0xff, 0xa8, 0x53, 0x00, 0xff, 0x95, 0x49, 0x00, 0xff, 0x62, 0x30, 0x00, 0xff, 0x22, 0x11, 0x01, 0xff, 0x00, 0x00, 0x00, 0xff, 0x00, 0x01, 0x00, 0xff, 0x00, 0x01, 0x00, 0xff, 0x00, 0x00, 0x00, 0xff, 0x00, 0x00, 0x00, 0xff, 0x00, 0x00, 0x00, 0xff, 0x00, 0x01, 0x00, 0xff, 0x00, 0x01, 0x00, 0xff, 0x00, 0x01, 0x00, 0xff, 0x00, 0x00, 0x00, 0xff, 0x00, 0x00, 0x00, 0xff, 
  0x00, 0x00, 0x00, 0xff, 0x00, 0x00, 0x00, 0xff, 0x00, 0x00, 0x00, 0xff, 0x00, 0x00, 0x00, 0xff, 0x00, 0x00, 0x00, 0xff, 0x00, 0x01, 0x00, 0xff, 0x00, 0x00, 0x00, 0xff, 0x00, 0x00, 0x00, 0xff, 0x00, 0x00, 0x00, 0xff, 0x00, 0x00, 0x00, 0xff, 0x00, 0x01, 0x00, 0xff, 0x00, 0x01, 0x00, 0xff, 0x00, 0x00, 0x00, 0xff, 0x0b, 0x05, 0x00, 0xff, 0x31, 0x18, 0x00, 0xff, 0x52, 0x29, 0x00, 0xff, 0x6c, 0x36, 0x00, 0xff, 0x80, 0x3f, 0x00, 0xff, 0x8c, 0x45, 0x00, 0xff, 0x90, 0x47, 0x00, 0xff, 0x90, 0x47, 0x00, 0xff, 0x8f, 0x47, 0x00, 0xff, 0x87, 0x42, 0x00, 0xff, 0x79, 0x3b, 0x00, 0xff, 0x69, 0x34, 0x01, 0xff, 0x54, 0x2a, 0x01, 0xff, 0x37, 0x1c, 0x00, 0xff, 0x15, 0x0b, 0x00, 0xff, 0x01, 0x01, 0x00, 0xff, 0x00, 0x00, 0x00, 0xff, 0x00, 0x00, 0x00, 0xff, 0x00, 0x00, 0x00, 0xff, 0x00, 0x01, 0x00, 0xff, 0x00, 0x00, 0x00, 0xff, 0x00, 0x00, 0x00, 0xff, 0x00, 0x00, 0x00, 0xff, 0x00, 0x00, 0x00, 0xff, 0x00, 0x01, 0x00, 0xff, 0x00, 0x00, 0x00, 0xff, 0x00, 0x00, 0x00, 0xff, 0x00, 0x00, 0x00, 0xff, 0x00, 0x00, 0x00, 0xff, 
#endif
};

const lv_img_dsc_t btOn = {
  .header.cf = LV_IMG_CF_TRUE_COLOR,
  .header.always_zero = 0,
  .header.reserved = 0,
  .header.w = 42,
  .header.h = 56,
  .data_size = 2352 * LV_COLOR_SIZE / 8,
  .data = btOn_map,
};
